t,Date,MOH,ANTM,HUM,UNH
1,1/19/16,54.02,136.850006,164.0,112.58000200000001
2,1/20/16,55.279999,137.490005,164.740005,114.790001
3,1/21/16,55.419998,138.779999,166.110001,113.5
4,1/22/16,56.299999,141.399994,166.220001,114.33000200000001
5,1/25/16,54.509997999999996,138.669998,163.28999299999998,113.379997
6,1/26/16,55.700001,137.759995,164.66000400000001,113.959999
7,1/27/16,54.389998999999996,131.229996,161.300003,112.33000200000001
8,1/28/16,53.66,126.41999799999999,159.78999299999998,111.379997
9,1/29/16,54.91,130.490005,162.78999299999998,115.160004
10,2/1/16,54.400002,129.720001,167.580002,115.889999
11,2/2/16,53.84,127.010002,166.869995,113.879997
12,2/3/16,53.950001,126.83000200000001,166.779999,112.75
13,2/4/16,55.43,126.639999,168.649994,114.199997
14,2/5/16,52.259997999999996,123.379997,164.779999,111.720001
15,2/8/16,51.130001,117.220001,156.96000700000002,110.019997
16,2/9/16,51.48,119.82,159.529999,111.160004
17,2/10/16,51.48,121.470001,161.070007,112.739998
18,2/11/16,54.549999,119.980003,158.020004,110.620003
19,2/12/16,55.889998999999996,121.550003,160.369995,111.82
20,2/16/16,58.099998,124.83000200000001,166.639999,115.150002
21,2/17/16,59.220001,127.559998,168.309998,118.300003
22,2/18/16,60.400002,128.020004,167.75,117.449997
23,2/19/16,59.580002,127.230003,165.33999599999999,117.68
24,2/22/16,62.689999,132.169998,171.75,121.269997
25,2/23/16,62.279999,131.270004,172.830002,121.150002
26,2/24/16,62.380001,130.75,172.28999299999998,120.199997
27,2/25/16,63.369999,132.229996,176.600006,121.199997
28,2/26/16,62.66,132.5,178.71000700000002,121.33000200000001
29,2/29/16,62.040001000000004,130.690002,176.970001,119.099998
30,3/1/16,63.740002000000004,131.800003,181.229996,121.66999799999999
31,3/2/16,64.010002,134.08999599999999,182.699997,121.269997
32,3/3/16,64.860001,132.970001,183.220001,121.82
33,3/4/16,63.93,132.350006,183.25,121.800003
34,3/7/16,64.529999,133.199997,184.25,121.760002
35,3/8/16,63.080002,132.479996,182.520004,121.660004
36,3/9/16,63.73,134.53999299999998,184.429993,121.099998
37,3/10/16,63.889998999999996,137.809998,184.759995,122.089996
38,3/11/16,66.239998,143.100006,186.91000400000001,125.099998
39,3/14/16,65.599998,144.169998,186.330002,125.220001
40,3/15/16,63.970001,142.309998,183.91000400000001,124.849998
41,3/16/16,64.839996,143.509995,183.389999,124.900002
42,3/17/16,64.190002,140.350006,182.53999299999998,124.529999
43,3/18/16,64.480003,142.679993,184.600006,126.720001
44,3/21/16,63.259997999999996,140.0,183.729996,126.739998
45,3/22/16,63.34,140.869995,184.360001,128.020004
46,3/23/16,62.919998,139.5,183.58999599999999,129.78999299999998
47,3/24/16,63.34,139.970001,184.070007,128.58999599999999
48,3/28/16,63.290001000000004,139.559998,182.929993,128.919998
49,3/29/16,65.300003,140.279999,185.759995,129.830002
50,3/30/16,64.260002,139.970001,184.889999,129.679993
51,3/31/16,64.489998,138.990005,182.949997,128.899994
52,4/1/16,64.910004,141.850006,184.740005,129.919998
53,4/4/16,64.449997,147.259995,185.470001,129.490005
54,4/5/16,63.169998,143.33999599999999,181.029999,127.040001
55,4/6/16,64.269997,144.869995,180.350006,128.029999
56,4/7/16,62.91,143.419998,172.580002,126.870003
57,4/8/16,62.790001000000004,143.740005,171.029999,125.68
58,4/11/16,60.509997999999996,140.899994,167.46000700000002,126.33000200000001
59,4/12/16,61.02,142.869995,170.41000400000001,126.800003
60,4/13/16,62.029999,143.550003,169.96000700000002,127.760002
61,4/14/16,61.279999,143.21000700000002,168.240005,127.980003
62,4/15/16,61.220001,142.91000400000001,169.869995,127.33000200000001
63,4/18/16,61.720001,142.58999599999999,171.720001,127.809998
64,4/19/16,62.43,144.399994,174.770004,130.5
65,4/20/16,63.740002000000004,145.520004,174.5,133.929993
66,4/21/16,63.419998,145.91000400000001,173.449997,132.96000700000002
67,4/22/16,65.059998,147.520004,175.300003,134.130005
68,4/25/16,65.480003,146.08999599999999,176.110001,133.779999
69,4/26/16,67.720001,147.070007,178.479996,134.240005
70,4/27/16,65.220001,144.759995,177.559998,132.800003
71,4/28/16,64.220001,144.0,177.869995,132.070007
72,4/29/16,51.759997999999996,140.770004,177.070007,131.679993
73,5/2/16,49.790001000000004,140.479996,177.610001,132.100006
74,5/3/16,47.959998999999996,141.419998,176.929993,132.46000700000002
75,5/4/16,46.23,138.729996,175.699997,132.029999
76,5/5/16,45.369999,137.070007,174.110001,132.309998
77,5/6/16,45.490002000000004,137.25,170.679993,132.03999299999998
78,5/9/16,47.169998,138.440002,171.279999,132.669998
79,5/10/16,46.959998999999996,140.16000400000001,173.53999299999998,133.570007
80,5/11/16,46.619999,139.570007,170.059998,130.690002
81,5/12/16,46.720001,136.080002,165.809998,129.740005
82,5/13/16,46.740002000000004,135.509995,165.229996,129.0
83,5/16/16,46.68,137.229996,171.520004,130.639999
84,5/17/16,46.049999,136.21000700000002,170.800003,129.559998
85,5/18/16,45.799999,136.080002,170.220001,130.509995
86,5/19/16,45.34,133.78999299999998,168.330002,130.0
87,5/20/16,46.009997999999996,135.729996,169.600006,130.940002
88,5/23/16,46.77,133.179993,169.58999599999999,130.419998
89,5/24/16,47.119999,128.479996,170.779999,132.58999599999999
90,5/25/16,48.450001,130.96000700000002,174.699997,133.419998
91,5/26/16,47.889998999999996,129.610001,174.25,132.979996
92,5/27/16,48.560001,130.699997,173.740005,134.0
93,5/31/16,48.43,132.16000400000001,172.509995,133.669998
94,6/1/16,49.290001000000004,132.509995,177.399994,134.529999
95,6/2/16,50.490002000000004,133.28999299999998,187.360001,136.03999299999998
96,6/3/16,50.490002000000004,131.83999599999999,186.199997,136.83999599999999
97,6/6/16,51.43,132.440002,189.380005,138.149994
98,6/7/16,51.029999,132.91000400000001,188.399994,136.940002
99,6/8/16,51.939999,134.199997,188.0,140.399994
100,6/9/16,51.869999,133.75,188.350006,140.679993
101,6/10/16,50.73,131.520004,186.759995,139.240005
102,6/13/16,50.490002000000004,130.679993,184.690002,138.08999599999999
103,6/14/16,50.009997999999996,130.520004,185.690002,137.869995
104,6/15/16,50.48,130.610001,185.550003,137.259995
105,6/16/16,50.869999,132.279999,187.03999299999998,138.66000400000001
106,6/17/16,51.009997999999996,132.33999599999999,187.149994,137.690002
107,6/20/16,52.0,132.720001,189.899994,138.520004
108,6/21/16,51.27,131.449997,190.070007,138.190002
109,6/22/16,50.990002000000004,128.720001,187.669998,137.899994
110,6/23/16,51.200001,128.669998,187.309998,139.190002
111,6/24/16,50.299999,126.379997,182.899994,137.28999299999998
112,6/27/16,49.02,124.849998,176.940002,137.110001
113,6/28/16,49.740002000000004,127.050003,182.949997,138.71000700000002
114,6/29/16,50.66,131.479996,183.649994,140.520004
115,6/30/16,49.900002,131.33999599999999,179.880005,141.199997
116,7/1/16,49.830002,131.669998,174.0,140.860001
117,7/5/16,48.240002000000004,130.83999599999999,177.21000700000002,141.559998
118,7/6/16,48.669998,132.119995,179.979996,142.380005
119,7/7/16,48.959998999999996,129.440002,162.740005,140.800003
120,7/8/16,50.209998999999996,132.149994,158.149994,141.270004
121,7/11/16,50.900002,131.559998,154.0,140.320007
122,7/12/16,51.150002,131.880005,154.71000700000002,139.860001
123,7/13/16,52.0,133.740005,161.300003,141.479996
124,7/14/16,52.0,133.91000400000001,161.270004,140.83999599999999
125,7/15/16,52.009997999999996,134.309998,158.889999,141.330002
126,7/18/16,52.509997999999996,135.0,159.639999,140.75
127,7/19/16,52.110001000000004,132.059998,153.380005,142.58999599999999
128,7/20/16,52.650002,135.470001,158.41000400000001,143.020004
129,7/21/16,52.810001,139.0,171.529999,142.869995
130,7/22/16,53.040001000000004,142.940002,176.050003,143.690002
131,7/25/16,52.82,139.979996,173.009995,141.729996
132,7/26/16,51.959998999999996,137.58999599999999,173.96000700000002,141.699997
133,7/27/16,50.59,133.860001,172.070007,141.679993
134,7/28/16,57.209998999999996,132.899994,172.21000700000002,142.759995
135,7/29/16,56.810001,131.33999599999999,172.550003,143.199997
136,8/1/16,56.16,127.610001,171.179993,143.509995
137,8/2/16,57.02,125.559998,169.570007,143.169998
138,8/3/16,58.57,127.870003,173.479996,142.880005
139,8/4/16,58.0,126.82,173.830002,142.71000700000002
140,8/5/16,58.790001000000004,127.860001,178.96000700000002,142.990005
141,8/8/16,58.290001000000004,127.739998,177.649994,142.130005
142,8/9/16,58.189999,128.449997,177.130005,141.820007
143,8/10/16,57.790001000000004,128.149994,179.699997,142.190002
144,8/11/16,57.709998999999996,128.199997,180.08999599999999,142.630005
145,8/12/16,57.849998,130.190002,180.860001,142.880005
146,8/15/16,57.580002,129.28999299999998,179.630005,141.619995
147,8/16/16,57.400002,129.330002,179.630005,141.080002
148,8/17/16,55.759997999999996,129.53999299999998,178.880005,141.71000700000002
149,8/18/16,56.189999,129.429993,179.479996,142.169998
150,8/19/16,56.139998999999996,129.520004,178.0,142.03999299999998
151,8/22/16,56.169998,129.720001,180.419998,142.08999599999999
152,8/23/16,56.209998999999996,129.119995,179.860001,142.009995
153,8/24/16,55.290001000000004,127.610001,179.309998,139.869995
154,8/25/16,54.700001,127.110001,177.28999299999998,137.300003
155,8/26/16,54.139998999999996,124.940002,177.380005,136.619995
156,8/29/16,54.099998,124.18,176.929993,137.270004
157,8/30/16,54.32,125.41999799999999,178.470001,136.869995
158,8/31/16,53.810001,125.08000200000001,178.71000700000002,136.050003
159,9/1/16,53.540001000000004,123.360001,176.529999,135.740005
160,9/2/16,55.330002,124.239998,177.330002,136.610001
161,9/6/16,55.0,124.290001,176.779999,135.970001
162,9/7/16,56.939999,125.849998,176.16000400000001,134.990005
163,9/8/16,57.09,127.66999799999999,176.419998,135.440002
164,9/9/16,56.290001000000004,126.889999,176.5,133.619995
165,9/12/16,56.43,128.580002,176.779999,135.529999
166,9/13/16,54.810001,124.57,175.78999299999998,133.949997
167,9/14/16,54.689999,123.290001,174.990005,133.690002
168,9/15/16,55.490002000000004,124.339996,174.779999,135.610001
169,9/16/16,55.740002000000004,125.519997,174.619995,138.470001
170,9/19/16,57.060001,126.32,174.580002,137.679993
171,9/20/16,56.84,125.760002,174.520004,137.470001
172,9/21/16,58.41,128.58999599999999,175.850006,139.91000400000001
173,9/22/16,58.880001,128.419998,175.990005,141.03999299999998
174,9/23/16,58.720001,126.559998,175.550003,140.509995
175,9/26/16,57.560001,125.08000200000001,175.309998,139.720001
176,9/27/16,58.09,126.300003,177.220001,140.78999299999998
177,9/28/16,58.189999,127.370003,176.580002,140.41000400000001
178,9/29/16,57.299999,124.93,175.820007,138.320007
179,9/30/16,58.32,125.309998,176.889999,140.0
180,10/3/16,56.73,122.900002,176.630005,138.490005
181,10/4/16,56.490002000000004,122.440002,177.220001,138.16000400000001
182,10/5/16,57.110001000000004,122.07,177.800003,137.600006
183,10/6/16,57.369999,122.349998,177.229996,136.470001
184,10/7/16,57.009997999999996,121.900002,177.740005,136.66000400000001
185,10/10/16,58.950001,124.800003,178.509995,138.080002
186,10/11/16,57.529999,121.900002,177.529999,134.75
187,10/12/16,56.98,120.849998,168.440002,135.100006
188,10/13/16,56.110001000000004,121.0,169.479996,134.190002
189,10/14/16,55.98,121.089996,170.820007,133.919998
190,10/17/16,55.939999,118.279999,169.889999,134.130005
191,10/18/16,57.689999,123.150002,173.270004,143.389999
192,10/19/16,58.470001,123.83000200000001,173.899994,144.369995
193,10/20/16,58.240002000000004,124.029999,174.550003,145.070007
194,10/21/16,59.5,123.5,175.880005,145.369995
195,10/24/16,59.599998,124.489998,176.270004,144.690002
196,10/25/16,59.419998,124.5,174.860001,143.779999
197,10/26/16,58.02,124.16999799999999,174.649994,142.229996
198,10/27/16,57.700001,123.489998,174.190002,141.940002
199,10/28/16,54.59,121.620003,171.059998,140.350006
200,10/31/16,54.41,121.860001,171.529999,141.330002
201,11/1/16,53.939999,117.41999799999999,168.66000400000001,139.429993
202,11/2/16,53.860001000000004,122.989998,168.190002,138.979996
203,11/3/16,53.009997999999996,120.029999,165.309998,137.830002
204,11/4/16,53.82,119.290001,167.419998,137.71000700000002
205,11/7/16,57.5,123.489998,174.91000400000001,141.929993
206,11/8/16,58.759997999999996,126.839996,179.029999,142.899994
207,11/9/16,49.490002000000004,128.75,186.0,141.899994
208,11/10/16,50.380001,133.860001,192.880005,146.130005
209,11/11/16,47.529999,133.679993,193.190002,146.419998
210,11/14/16,49.93,138.600006,198.83999599999999,152.279999
211,11/15/16,51.34,138.419998,198.820007,152.229996
212,11/16/16,51.91,138.389999,200.470001,151.5
213,11/17/16,52.310001,137.880005,202.059998,150.770004
214,11/18/16,52.32,135.350006,200.16000400000001,149.449997
215,11/21/16,52.43,137.360001,199.990005,150.41000400000001
216,11/22/16,52.0,141.309998,205.71000700000002,152.259995
217,11/23/16,52.560001,143.619995,207.929993,153.53999299999998
218,11/25/16,52.599998,144.740005,207.880005,152.809998
219,11/28/16,52.41,143.240005,208.0,152.110001
220,11/29/16,53.59,145.279999,210.0,157.58999599999999
221,11/30/16,52.860001000000004,142.529999,212.63999900000002,158.320007
222,12/1/16,52.689999,145.169998,216.75999500000003,160.940002
223,12/2/16,53.25,145.100006,213.63000499999998,160.729996
224,12/5/16,53.349998,144.08999599999999,208.830002,157.630005
225,12/6/16,53.68,143.550003,204.300003,157.320007
226,12/7/16,53.599998,145.199997,203.0,159.399994
227,12/8/16,54.700001,146.610001,206.699997,159.320007
228,12/9/16,54.139998999999996,145.880005,203.28999299999998,160.119995
229,12/12/16,52.919998,145.78999299999998,202.929993,159.490005
230,12/13/16,54.689999,146.580002,204.570007,160.53999299999998
231,12/14/16,54.389998999999996,144.690002,205.240005,159.860001
232,12/15/16,53.509997999999996,143.669998,204.649994,160.619995
233,12/16/16,54.380001,145.46000700000002,205.639999,163.940002
234,12/19/16,54.669998,144.880005,200.41000400000001,161.53999299999998
235,12/20/16,54.73,147.66000400000001,200.25,161.58999599999999
236,12/21/16,54.639998999999996,144.979996,199.800003,161.330002
237,12/22/16,54.099998,144.580002,202.929993,161.580002
238,12/23/16,54.959998999999996,146.020004,205.529999,163.029999
239,12/27/16,55.110001000000004,145.679993,206.059998,162.639999
240,12/28/16,55.400002,144.259995,204.600006,161.440002
241,12/29/16,54.490002000000004,144.759995,202.919998,161.03999299999998
242,12/30/16,54.259997999999996,143.770004,204.029999,160.03999299999998
243,1/3/17,53.59,143.240005,197.610001,161.449997
244,1/4/17,55.52,143.050003,197.779999,161.91000400000001
245,1/5/17,56.470001,144.570007,200.729996,162.179993
246,1/6/17,57.09,144.350006,201.729996,162.41000400000001
247,1/9/17,56.77,142.78999299999998,202.990005,161.949997
248,1/10/17,57.970001,146.33999599999999,200.949997,161.580002
249,1/11/17,58.869999,145.830002,203.479996,161.889999
250,1/12/17,58.52,148.190002,205.25,162.360001
251,1/13/17,58.470001,148.529999,202.919998,161.800003
252,1/17/17,58.639998999999996,146.75,204.03999299999998,160.66000400000001
253,1/18/17,59.040001000000004,147.220001,206.110001,157.740005
254,1/19/17,58.759997999999996,148.110001,206.0,158.699997
255,1/20/17,59.68,150.630005,200.529999,158.66000400000001
256,1/23/17,57.490002000000004,150.16000400000001,205.020004,159.070007
257,1/24/17,56.599998,150.229996,199.940002,160.429993
258,1/25/17,56.93,153.71000700000002,201.740005,161.240005
259,1/26/17,56.59,152.399994,200.130005,162.75
260,1/27/17,57.400002,153.350006,201.66000400000001,162.990005
261,1/30/17,55.959998999999996,154.179993,199.259995,162.08999599999999
262,1/31/17,56.720001,154.139999,198.5,162.100006
263,2/1/17,57.419998,160.78999299999998,198.479996,162.71000700000002
264,2/2/17,57.740002000000004,157.66000400000001,199.389999,160.759995
265,2/3/17,58.0,159.080002,198.240005,161.869995
266,2/6/17,57.73,156.809998,196.470001,160.509995
267,2/7/17,57.75,158.58999599999999,195.240005,160.529999
268,2/8/17,57.689999,158.600006,199.639999,160.309998
269,2/9/17,58.880001,161.679993,207.029999,160.440002
270,2/10/17,59.860001000000004,162.320007,205.429993,160.75
271,2/13/17,59.240002000000004,163.520004,206.699997,161.990005
272,2/14/17,59.389998999999996,163.320007,205.970001,163.130005
273,2/15/17,59.889998999999996,162.690002,205.320007,164.28999299999998
274,2/16/17,49.18,163.770004,208.740005,163.649994
275,2/17/17,48.23,160.25,204.600006,157.619995
276,2/21/17,49.470001,164.220001,205.33999599999999,160.570007
277,2/22/17,49.57,163.270004,205.699997,160.570007
278,2/23/17,49.790001000000004,163.919998,205.009995,162.600006
279,2/24/17,48.830002,163.830002,207.279999,163.059998
280,2/27/17,48.799999,164.91000400000001,208.75,165.380005
281,2/28/17,48.509997999999996,164.820007,211.25,165.380005
282,3/1/17,49.400002,166.970001,213.99000499999997,167.940002
283,3/2/17,49.990002000000004,165.970001,212.57000699999998,167.309998
284,3/3/17,49.990002000000004,166.0,213.97000099999997,168.199997
285,3/6/17,49.299999,165.83999599999999,212.74000499999997,168.699997
286,3/7/17,48.52,166.009995,217.94999700000002,168.300003
287,3/8/17,48.48,165.649994,217.44999700000002,167.91000400000001
288,3/9/17,46.900002,166.179993,217.789993,168.009995
289,3/10/17,45.73,166.41000400000001,217.92999300000002,169.979996
290,3/13/17,45.279999,167.240005,219.17999300000002,170.21000700000002
291,3/14/17,44.23,165.179993,218.0,169.059998
292,3/15/17,45.040001000000004,169.199997,219.080002,171.779999
293,3/16/17,45.16,168.419998,219.25,171.300003
294,3/17/17,45.860001000000004,168.270004,218.899994,169.699997
295,3/20/17,44.540001000000004,167.58999599999999,215.399994,168.0
296,3/21/17,44.009997999999996,166.990005,213.55000299999998,167.699997
297,3/22/17,43.790001000000004,166.440002,213.330002,167.029999
298,3/23/17,42.700001,165.380005,209.91000400000001,165.28999299999998
299,3/24/17,44.68,162.75,207.270004,165.0
300,3/27/17,45.91,162.190002,203.479996,164.600006
301,3/28/17,45.740002000000004,164.600006,206.630005,165.350006
302,3/29/17,45.16,164.979996,206.029999,163.440002
303,3/30/17,45.799999,167.080002,206.869995,164.990005
304,3/31/17,45.599998,165.380005,206.139999,164.009995
305,4/3/17,47.32,166.490005,209.770004,165.58999599999999
306,4/4/17,46.060001,165.699997,211.05000299999998,164.970001
307,4/5/17,46.099998,164.75,210.07000699999998,165.369995
308,4/6/17,46.82,165.919998,212.600006,165.33999599999999
309,4/7/17,46.470001,166.259995,210.75,166.020004
310,4/10/17,47.07,167.440002,212.580002,165.479996
311,4/11/17,47.849998,167.429993,212.899994,165.830002
312,4/12/17,47.259997999999996,166.429993,212.99000499999997,165.559998
313,4/13/17,47.669998,164.990005,211.80000299999998,164.96000700000002
314,4/17/17,47.830002,166.940002,212.770004,167.179993
315,4/18/17,47.639998999999996,166.369995,211.69999700000002,168.58999599999999
316,4/19/17,48.049999,166.78999299999998,213.11000099999998,169.25
317,4/20/17,47.860001000000004,168.070007,214.24000499999997,171.53999299999998
318,4/21/17,47.810001,167.800003,213.669998,171.16000400000001
319,4/24/17,48.459998999999996,168.41000400000001,213.75999500000003,172.330002
320,4/25/17,49.18,172.46000700000002,217.97000099999997,174.03999299999998
321,4/26/17,48.57,179.029999,219.350006,174.380005
322,4/27/17,48.630001,178.300003,218.669998,174.630005
323,4/28/17,49.790001000000004,177.889999,221.979996,174.880005
324,5/1/17,50.799999,179.199997,223.36999500000002,174.58999599999999
325,5/2/17,59.75,181.270004,225.600006,174.139999
326,5/3/17,64.150002,179.940002,224.020004,172.53999299999998
327,5/4/17,64.93,179.889999,228.850006,174.020004
328,5/5/17,66.43,180.300003,229.75999500000003,174.119995
329,5/8/17,67.440002,179.830002,229.25,174.440002
330,5/9/17,67.110001,177.729996,230.58999599999999,173.240005
331,5/10/17,68.160004,180.130005,230.80000299999998,173.389999
332,5/11/17,66.540001,182.720001,230.729996,173.320007
333,5/12/17,67.129997,181.440002,231.99000499999997,171.809998
334,5/15/17,67.559998,182.300003,231.11000099999998,171.529999
335,5/16/17,67.870003,180.809998,226.19999700000002,168.119995
336,5/17/17,66.519997,176.119995,224.919998,168.860001
337,5/18/17,67.0,176.690002,228.809998,171.449997
338,5/19/17,67.379997,176.41000400000001,227.88999900000002,172.58999599999999
339,5/22/17,66.839996,176.5,230.30000299999998,174.699997
340,5/23/17,66.599998,177.71000700000002,229.27999900000003,175.220001
341,5/24/17,66.589996,180.080002,231.61000099999998,175.58999599999999
342,5/25/17,67.08000200000001,181.5,232.229996,178.050003
343,5/26/17,66.870003,183.080002,232.25,177.5
344,5/30/17,66.300003,183.320007,230.36999500000002,176.58999599999999
345,5/31/17,64.57,182.350006,232.25999500000003,175.179993
346,6/1/17,66.68,187.690002,235.0,179.580002
347,6/2/17,66.220001,187.580002,234.210007,179.389999
348,6/5/17,66.629997,186.690002,232.75999500000003,179.369995
349,6/6/17,68.019997,187.649994,233.5,180.820007
350,6/7/17,67.58000200000001,188.330002,233.75,183.21000700000002
351,6/8/17,68.33000200000001,187.58999599999999,230.25999500000003,181.690002
352,6/9/17,68.220001,186.919998,229.690002,181.46000700000002
353,6/12/17,67.339996,186.740005,228.100006,179.25
354,6/13/17,68.059998,187.16000400000001,231.94999700000002,181.050003
355,6/14/17,69.220001,188.770004,231.710007,182.360001
356,6/15/17,68.400002,188.75,232.41000400000001,180.380005
357,6/16/17,68.790001,189.96000700000002,234.460007,181.630005
358,6/19/17,69.639999,192.740005,235.49000499999997,183.020004
359,6/20/17,69.68,192.0,232.97000099999997,183.270004
360,6/21/17,69.730003,192.070007,236.210007,184.919998
361,6/22/17,71.309998,193.360001,237.0,186.5
362,6/23/17,71.33000200000001,190.169998,238.419998,185.25
363,6/26/17,71.099998,188.149994,234.75,185.119995
364,6/27/17,70.290001,187.41000400000001,237.07000699999998,184.600006
365,6/28/17,70.440002,187.919998,239.75999500000003,185.699997
366,6/29/17,69.58000200000001,187.169998,239.33999599999999,185.270004
367,6/30/17,69.18,188.130005,240.61999500000002,185.419998
368,7/3/17,68.690002,189.600006,238.94999700000002,186.649994
369,7/5/17,69.25,191.25,242.32000699999998,188.25
370,7/6/17,69.139999,190.279999,238.460007,186.940002
371,7/7/17,69.940002,191.610001,238.229996,187.96000700000002
372,7/10/17,69.910004,192.119995,239.039993,186.949997
373,7/11/17,70.120003,192.100006,239.039993,185.949997
374,7/12/17,71.150002,193.53999299999998,239.22000099999997,186.690002
375,7/13/17,71.150002,192.550003,238.059998,185.479996
376,7/14/17,70.199997,192.559998,239.08999599999999,186.899994
377,7/17/17,70.260002,192.08999599999999,237.559998,186.350006
378,7/18/17,70.550003,189.449997,235.059998,186.850006
379,7/19/17,71.089996,190.28999299999998,236.229996,189.190002
380,7/20/17,72.050003,190.690002,235.830002,191.5
381,7/21/17,71.150002,190.649994,235.919998,191.779999
382,7/24/17,70.599998,191.0,235.5,190.889999
383,7/25/17,69.68,190.580002,234.91000400000001,190.399994
384,7/26/17,69.709999,184.990005,233.5,190.75
385,7/27/17,68.709999,183.520004,232.600006,188.929993
386,7/28/17,70.0,187.78999299999998,233.080002,191.149994
387,7/31/17,66.800003,186.21000700000002,231.19999700000002,191.809998
388,8/1/17,66.900002,186.669998,230.770004,192.229996
389,8/2/17,66.239998,188.949997,241.08999599999999,193.0
390,8/3/17,62.32,191.440002,248.83999599999999,194.770004
391,8/4/17,59.799999,190.479996,245.92999300000002,194.880005
392,8/7/17,58.59,190.610001,249.61999500000002,194.779999
393,8/8/17,58.599998,191.979996,250.22000099999997,194.899994
394,8/9/17,58.27,192.850006,254.960007,194.830002
395,8/10/17,57.529999,189.720001,251.669998,192.570007
396,8/11/17,58.049999,189.429993,249.99000499999997,193.020004
397,8/14/17,57.560001,191.309998,250.25,193.71000700000002
398,8/15/17,57.029999,192.990005,246.830002,194.5
399,8/16/17,56.779999,193.350006,247.36000099999998,193.770004
400,8/17/17,59.509997999999996,191.96000700000002,247.66000400000001,192.699997
401,8/18/17,59.630001,191.020004,247.27999900000003,190.820007
402,8/21/17,59.98,192.970001,249.36000099999998,192.029999
403,8/22/17,60.540001000000004,194.949997,253.27999900000003,194.78999299999998
404,8/23/17,60.509997999999996,195.229996,251.99000499999997,194.240005
405,8/24/17,61.299999,192.899994,251.850006,194.75
406,8/25/17,62.029999,192.679993,253.0,194.360001
407,8/28/17,63.18,193.479996,255.07000699999998,195.08999599999999
408,8/29/17,63.5,193.830002,255.669998,196.729996
409,8/30/17,62.91,191.5,254.24000499999997,195.880005
410,8/31/17,64.0,196.03999299999998,257.619995,198.899994
411,9/1/17,64.25,197.429993,258.75,199.75
412,9/5/17,65.41999799999999,197.179993,257.549988,199.309998
413,9/6/17,64.650002,193.649994,256.880005,198.380005
414,9/7/17,64.970001,192.639999,256.52999900000003,198.169998
415,9/8/17,65.040001,193.850006,256.559998,197.75
416,9/11/17,65.879997,195.949997,257.209991,199.580002
417,9/12/17,65.739998,189.240005,255.100006,197.470001
418,9/13/17,66.07,189.720001,251.539993,198.330002
419,9/14/17,66.139999,186.75,250.649994,197.729996
420,9/15/17,66.620003,186.58999599999999,249.27999900000003,198.179993
421,9/18/17,66.0,185.0,248.44999700000002,198.190002
422,9/19/17,62.119999,181.440002,240.039993,194.649994
423,9/20/17,62.580002,183.490005,239.67999300000002,195.75
424,9/21/17,62.509997999999996,183.5,238.63999900000002,195.21000700000002
425,9/22/17,65.32,182.860001,239.08999599999999,193.029999
426,9/25/17,64.540001,181.5,237.210007,191.75
427,9/26/17,65.589996,184.279999,239.210007,192.699997
428,9/27/17,66.540001,186.449997,238.86999500000002,194.490005
429,9/28/17,67.589996,189.779999,242.75,196.100006
430,9/29/17,68.760002,189.880005,243.63000499999998,195.850006
431,10/2/17,68.510002,191.110001,245.0,197.440002
432,10/3/17,67.400002,193.229996,247.38999900000002,198.630005
433,10/4/17,67.019997,193.419998,246.50999500000003,200.479996
434,10/5/17,67.370003,192.919998,245.36000099999998,197.899994
435,10/6/17,67.860001,193.220001,246.899994,198.059998
436,10/9/17,66.660004,190.740005,240.41000400000001,196.300003
437,10/10/17,65.160004,188.639999,240.49000499999997,194.679993
438,10/11/17,63.580002,189.889999,240.38000499999998,195.259995
439,10/12/17,63.419998,189.740005,241.440002,192.919998
440,10/13/17,61.279999,183.830002,237.729996,192.520004
441,10/16/17,59.860001000000004,183.759995,237.169998,193.199997
442,10/17/17,61.540001000000004,187.259995,240.42999300000002,203.889999
443,10/18/17,63.09,191.78999299999998,241.309998,205.229996
444,10/19/17,63.639998999999996,193.199997,242.690002,203.25
445,10/20/17,64.400002,194.690002,245.809998,207.490005
446,10/23/17,66.25,195.639999,246.13000499999998,207.009995
447,10/24/17,66.239998,195.25,246.49000499999997,208.149994
448,10/25/17,66.629997,205.71000700000002,248.36000099999998,207.559998
449,10/26/17,65.529999,206.91000400000001,251.520004,209.149994
450,10/27/17,67.139999,211.33999599999999,258.97000099999997,212.600006
451,10/30/17,66.660004,209.46000700000002,255.66000400000001,209.389999
452,10/31/17,67.83000200000001,209.21000700000002,255.350006,210.22000099999997
453,11/1/17,68.18,209.529999,255.479996,209.529999
454,11/2/17,69.0,210.58999599999999,256.350006,211.100006
455,11/3/17,79.18,211.80000299999998,256.690002,212.86999500000002
456,11/6/17,78.980003,216.30000299999998,254.479996,212.11999500000002
457,11/7/17,77.529999,217.47000099999997,256.309998,212.69999700000002
458,11/8/17,76.559998,216.86999500000002,243.479996,210.770004
459,11/9/17,76.599998,215.979996,247.460007,211.559998
460,11/10/17,76.900002,218.270004,244.38999900000002,211.07000699999998
461,11/13/17,77.910004,218.460007,240.940002,212.66000400000001
462,11/14/17,78.050003,218.44999700000002,239.559998,211.710007
463,11/15/17,76.199997,218.19999700000002,233.27999900000003,209.86000099999998
464,11/16/17,75.699997,220.88999900000002,235.91000400000001,211.13000499999998
465,11/17/17,74.790001,220.830002,233.460007,209.899994
466,11/20/17,75.040001,219.5,233.479996,210.25
467,11/21/17,74.910004,220.020004,236.419998,212.600006
468,11/22/17,75.459999,220.419998,238.30000299999998,211.22000099999997
469,11/24/17,75.08000200000001,220.38999900000002,240.50999500000003,212.50999500000003
470,11/27/17,75.08000200000001,220.02999900000003,243.559998,212.399994
471,11/28/17,74.989998,222.27999900000003,244.22000099999997,216.13999900000002
472,11/29/17,77.370003,227.309998,250.13000499999998,222.88000499999998
473,11/30/17,78.239998,234.960007,260.859985,228.169998
474,12/1/17,78.110001,232.33999599999999,258.52999900000003,226.77999900000003
475,12/4/17,77.480003,224.94999700000002,252.27999900000003,221.419998
476,12/5/17,76.510002,223.49000499999997,253.33999599999999,220.08999599999999
477,12/6/17,74.290001,222.710007,250.30000299999998,219.940002
478,12/7/17,74.459999,223.63999900000002,253.899994,220.149994
479,12/8/17,75.110001,224.850006,256.48999,223.91000400000001
480,12/11/17,73.83000200000001,226.020004,253.02999900000003,222.770004
481,12/12/17,74.08000200000001,228.75,254.63999900000002,222.49000499999997
482,12/13/17,75.089996,232.059998,256.23999,224.350006
483,12/14/17,74.57,227.11999500000002,250.61000099999998,221.25
484,12/15/17,76.269997,226.210007,253.63999900000002,221.82000699999998
485,12/18/17,76.660004,227.020004,246.38000499999998,222.669998
486,12/19/17,76.510002,227.99000499999997,245.16000400000001,222.039993
487,12/20/17,78.400002,227.919998,245.16000400000001,222.38000499999998
488,12/21/17,75.279999,225.080002,243.580002,221.690002
489,12/22/17,74.029999,225.600006,245.0,220.0
490,12/26/17,75.860001,225.42999300000002,246.25,219.600006
491,12/27/17,77.41999799999999,225.24000499999997,248.149994,220.419998
492,12/28/17,77.900002,227.039993,249.00999500000003,222.770004
493,12/29/17,76.68,225.00999500000003,248.07000699999998,220.460007
494,1/2/18,78.0,226.0,251.63999900000002,221.16000400000001
495,1/3/18,77.16999799999999,229.149994,251.27999900000003,223.479996
496,1/4/18,77.639999,230.210007,258.359985,224.44999700000002
497,1/5/18,80.589996,234.33999599999999,264.329987,228.729996
498,1/8/18,82.730003,231.82000699999998,258.549988,224.75999500000003
499,1/9/18,85.660004,234.66000400000001,263.079987,225.88000499999998
500,1/10/18,85.059998,233.88999900000002,263.100006,224.19999700000002
501,1/11/18,84.410004,235.0,265.209991,225.38999900000002
502,1/12/18,85.82,239.82000699999998,268.019989,228.63999900000002
503,1/16/18,89.629997,241.75,270.170013,232.899994
504,1/17/18,91.970001,249.149994,275.75,238.42999300000002
505,1/18/18,93.769997,249.649994,279.440002,243.16000400000001
506,1/19/18,91.83000200000001,250.059998,279.299988,243.350006
507,1/22/18,91.970001,250.5,281.869995,243.559998
508,1/23/18,92.269997,250.5,282.859985,245.210007
509,1/24/18,92.0,252.99000499999997,286.320007,244.850006
510,1/25/18,92.059998,251.350006,285.910004,245.17999300000002
511,1/26/18,92.489998,258.190002,288.290009,248.47000099999997
512,1/29/18,91.790001,257.019989,291.230011,247.41000400000001
513,1/30/18,91.029999,243.440002,282.290009,236.649994
514,1/31/18,91.360001,247.850006,281.829987,236.77999900000003
515,2/1/18,91.480003,243.92999300000002,279.769989,235.22000099999997
516,2/2/18,90.629997,239.17999300000002,276.5,231.88000499999998
517,2/5/18,87.589996,230.44999700000002,267.100006,220.020004
518,2/6/18,82.43,234.830002,269.119995,225.17999300000002
519,2/7/18,81.660004,238.440002,264.899994,225.82000699999998
520,2/8/18,77.989998,230.57000699999998,262.369995,216.460007
521,2/9/18,78.440002,231.710007,265.320007,220.960007
522,2/12/18,78.389999,232.770004,267.049988,225.690002
523,2/13/18,75.459999,233.44999700000002,268.070007,226.63999900000002
524,2/14/18,73.25,235.020004,267.47000099999997,228.77999900000003
525,2/15/18,72.599998,232.059998,267.450012,226.020004
526,2/16/18,72.120003,235.020004,269.0,229.36999500000002
527,2/20/18,71.860001,232.22000099999997,267.329987,226.66000400000001
528,2/21/18,71.139999,232.02999900000003,266.380005,225.13000499999998
529,2/22/18,71.559998,233.67999300000002,267.809998,227.08999599999999
530,2/23/18,72.940002,235.24000499999997,271.190002,230.16000400000001
531,2/26/18,74.0,238.22000099999997,274.579987,234.059998
532,2/27/18,73.07,237.210007,276.920013,232.520004
533,2/28/18,72.300003,235.38000499999998,271.820007,226.16000400000001
534,3/1/18,71.879997,232.039993,269.72000099999997,224.44999700000002
535,3/2/18,72.989998,233.080002,269.799988,225.190002
536,3/5/18,74.089996,232.039993,270.589996,228.38000499999998
537,3/6/18,73.989998,232.75,273.109985,226.17999300000002
538,3/7/18,74.75,231.86000099999998,273.290009,227.270004
539,3/8/18,74.75,228.789993,269.519989,224.729996
540,3/9/18,75.489998,232.80000299999998,272.5,225.42999300000002
541,3/12/18,75.809998,229.86000099999998,268.209991,222.770004
542,3/13/18,76.139999,230.22000099999997,269.980011,226.940002
543,3/14/18,76.230003,229.02999900000003,270.5,225.38000499999998
544,3/15/18,75.870003,230.0,271.089996,229.479996
545,3/16/18,76.83000200000001,228.11000099999998,272.730011,227.86000099999998
546,3/19/18,76.860001,227.99000499999997,269.980011,225.05000299999998
547,3/20/18,77.879997,229.979996,273.600006,226.77999900000003
548,3/21/18,78.290001,225.99000499999997,270.809998,222.82000699999998
549,3/22/18,77.0,218.850006,265.72000099999997,215.210007
550,3/23/18,74.599998,215.63000499999998,261.600006,212.55000299999998
551,3/26/18,76.660004,221.080002,268.100006,219.07000699999998
552,3/27/18,77.75,219.440002,267.649994,217.960007
553,3/28/18,79.089996,221.479996,267.549988,218.5
554,3/29/18,81.18,219.69999700000002,268.829987,214.0
555,4/2/18,78.760002,220.13000499999998,280.700012,217.19999700000002
556,4/3/18,79.769997,227.50999500000003,282.47000099999997,224.580002
557,4/4/18,80.720001,228.419998,286.98999,228.789993
558,4/5/18,82.660004,230.729996,287.290009,229.07000699999998
559,4/6/18,80.66999799999999,224.77999900000003,283.730011,223.960007
560,4/9/18,80.870003,222.86999500000002,285.0,222.729996
561,4/10/18,82.099998,224.94999700000002,286.839996,226.789993
562,4/11/18,80.709999,220.32000699999998,282.27999900000003,221.899994
563,4/12/18,81.32,220.460007,285.559998,224.24000499999997
564,4/13/18,81.440002,222.020004,287.619995,224.27999900000003
565,4/16/18,83.129997,225.270004,289.950012,230.32000699999998
566,4/17/18,84.68,229.520004,296.290009,238.55000299999998
567,4/18/18,85.239998,230.649994,298.299988,236.399994
568,4/19/18,84.849998,227.669998,295.0,235.75999500000003
569,4/20/18,85.300003,226.07000699999998,294.119995,235.059998
570,4/23/18,85.309998,227.19999700000002,294.5,234.33999599999999
571,4/24/18,84.690002,225.0,293.950012,234.22000099999997
572,4/25/18,83.660004,238.83999599999999,297.390015,234.899994
573,4/26/18,83.599998,237.0,296.230011,237.02999900000003
574,4/27/18,84.910004,239.149994,296.890015,240.17999300000002
575,4/30/18,83.25,235.99000499999997,294.179993,236.399994
576,5/1/18,82.410004,235.52999900000003,295.190002,236.850006
577,5/2/18,82.879997,229.17999300000002,287.670013,233.460007
578,5/3/18,83.83000200000001,230.770004,286.679993,234.149994
579,5/4/18,83.91999799999999,233.17999300000002,287.390015,235.899994
580,5/7/18,82.540001,229.25999500000003,283.769989,233.77999900000003
581,5/8/18,82.379997,224.100006,278.809998,232.02999900000003
582,5/9/18,81.959999,221.770004,273.25,229.210007
583,5/10/18,83.099998,225.669998,281.899994,233.710007
584,5/11/18,83.800003,232.05000299999998,284.72000099999997,238.27999900000003
585,5/14/18,85.050003,232.309998,289.630005,242.899994
586,5/15/18,85.08000200000001,230.86999500000002,290.410004,239.5
587,5/16/18,84.82,232.399994,289.820007,241.72000099999997
588,5/17/18,87.089996,231.789993,290.920013,242.960007
589,5/18/18,87.599998,231.86999500000002,292.869995,244.63999900000002
590,5/21/18,86.470001,233.649994,294.640015,247.899994
591,5/22/18,84.540001,233.92999300000002,292.390015,245.17999300000002
592,5/23/18,84.889999,232.059998,291.890015,244.25999500000003
593,5/24/18,84.290001,230.61999500000002,293.690002,242.729996
594,5/25/18,87.230003,232.38999900000002,294.410004,244.94999700000002
595,5/29/18,87.040001,229.289993,292.359985,242.169998
596,5/30/18,87.82,231.580002,296.380005,244.940002
597,5/31/18,84.93,221.419998,290.980011,241.50999500000003
598,6/1/18,85.18,221.5,289.679993,243.350006
599,6/4/18,84.970001,225.24000499999997,294.140015,244.63000499999998
600,6/5/18,85.639999,227.86999500000002,293.940002,244.42999300000002
601,6/6/18,86.389999,227.86000099999998,295.329987,248.649994
602,6/7/18,86.690002,229.58999599999999,296.399994,248.979996
603,6/8/18,87.66999799999999,228.30000299999998,297.890015,250.67999300000002
604,6/11/18,90.839996,232.330002,301.48999,253.77999900000003
605,6/12/18,95.160004,231.67999300000002,305.910004,253.580002
606,6/13/18,95.870003,236.30000299999998,306.410004,252.86999500000002
607,6/14/18,96.239998,241.74000499999997,304.429993,255.330002
608,6/15/18,95.440002,245.16000400000001,306.950012,255.979996
609,6/18/18,96.540001,244.039993,305.100006,254.86999500000002
610,6/19/18,96.860001,244.49000499999997,299.809998,253.020004
611,6/20/18,98.0,243.94999700000002,300.25,252.809998
612,6/21/18,98.68,243.080002,298.670013,251.88999900000002
613,6/22/18,101.480003,244.82000699999998,299.980011,254.36999500000002
614,6/25/18,101.18,243.33999599999999,299.829987,250.710007
615,6/26/18,99.410004,241.270004,296.790009,249.770004
616,6/27/18,98.059998,240.539993,298.790009,248.169998
617,6/28/18,98.519997,239.270004,296.98999,244.899994
618,6/29/18,97.940002,238.02999900000003,297.630005,245.33999599999999
619,7/2/18,98.709999,238.270004,298.799988,247.479996
620,7/3/18,99.489998,238.729996,300.850006,246.979996
621,7/5/18,100.389999,240.05000299999998,306.160004,250.5
622,7/6/18,100.480003,242.149994,309.019989,250.75999500000003
623,7/9/18,103.68,248.690002,313.070007,253.669998
624,7/10/18,104.389999,249.520004,312.429993,255.539993
625,7/11/18,105.389999,249.580002,315.929993,254.58999599999999
626,7/12/18,106.83000200000001,250.580002,315.709991,256.049988
627,7/13/18,106.940002,250.50999500000003,317.119995,258.700012
628,7/16/18,105.989998,248.27999900000003,315.679993,256.980011
629,7/17/18,105.870003,246.02999900000003,313.890015,250.289993
630,7/18/18,106.239998,248.63000499999998,317.01001,255.419998
631,7/19/18,105.589996,248.63999900000002,318.399994,252.92999300000002
632,7/20/18,106.150002,248.520004,317.809998,252.69999700000002
633,7/23/18,106.91999799999999,248.830002,317.859985,252.74000499999997
634,7/24/18,105.93,246.080002,314.959991,253.75999500000003
635,7/25/18,106.379997,247.92999300000002,316.570007,254.86000099999998
636,7/26/18,106.760002,247.080002,319.109985,257.0
637,7/27/18,104.66999799999999,249.479996,315.100006,255.94999700000002
638,7/30/18,102.739998,252.210007,313.0,253.83999599999999
639,7/31/18,104.089996,253.0,314.179993,253.22000099999997
640,8/1/18,121.940002,252.270004,318.140015,253.36999500000002
641,8/2/18,128.350006,256.52999900000003,321.700012,256.079987
642,8/3/18,126.43,257.950012,324.109985,257.22000099999997
643,8/6/18,127.089996,258.130005,323.089996,256.76001
644,8/7/18,123.349998,257.97000099999997,321.790009,257.649994
645,8/8/18,126.559998,260.540009,324.22000099999997,258.809998
646,8/9/18,127.75,261.130005,323.709991,261.589996
647,8/10/18,129.009995,260.040009,325.040009,260.359985
648,8/13/18,132.029999,262.940002,324.070007,260.910004
649,8/14/18,133.919998,264.97000099999997,329.339996,263.480011
650,8/15/18,134.009995,264.170013,326.100006,260.609985
651,8/16/18,134.149994,266.52999900000003,330.079987,263.100006
652,8/17/18,134.830002,263.950012,324.619995,262.329987
653,8/20/18,135.869995,263.170013,326.390015,262.399994
654,8/21/18,138.699997,262.600006,325.97000099999997,261.690002
655,8/22/18,139.440002,262.940002,324.179993,260.73999
656,8/23/18,139.570007,264.27999900000003,329.049988,261.420013
657,8/24/18,138.08999599999999,265.380005,331.440002,264.27999900000003
658,8/27/18,139.679993,266.230011,332.369995,267.079987
659,8/28/18,140.16000400000001,266.709991,333.23999,268.51001
660,8/29/18,138.899994,267.130005,334.559998,269.0
661,8/30/18,138.33999599999999,265.01001,332.369995,268.390015
662,8/31/18,138.0,264.730011,333.26001,268.459991
663,9/4/18,137.720001,263.700012,333.089996,268.51001
664,9/5/18,137.479996,267.850006,332.880005,267.640015
665,9/6/18,141.03999299999998,270.890015,333.880005,269.649994
666,9/7/18,140.669998,271.899994,337.130005,268.27999900000003
667,9/10/18,140.440002,262.589996,328.700012,259.730011
668,9/11/18,145.41000400000001,264.170013,332.880005,261.040009
669,9/12/18,146.520004,266.339996,331.570007,262.670013
670,9/13/18,149.740005,270.339996,337.929993,265.48999
671,9/14/18,151.729996,270.77999900000003,337.23999,265.309998
672,9/17/18,146.83999599999999,269.630005,334.040009,263.869995
673,9/18/18,148.770004,270.97000099999997,335.98999,263.290009
674,9/19/18,147.669998,271.850006,335.799988,265.329987
675,9/20/18,148.33999599999999,274.119995,337.660004,266.390015
676,9/21/18,152.720001,272.519989,337.76001,266.670013
677,9/24/18,151.779999,273.230011,340.609985,267.359985
678,9/25/18,149.830002,270.25,333.820007,263.51001
679,9/26/18,148.110001,269.459991,332.910004,262.910004
680,9/27/18,148.020004,271.640015,335.079987,264.649994
681,9/28/18,148.699997,274.049988,338.519989,266.040009
682,10/1/18,148.139999,276.200012,338.429993,269.100006
683,10/2/18,146.5,276.119995,336.390015,270.630005
684,10/3/18,144.66000400000001,276.23999,332.630005,270.899994
685,10/4/18,142.899994,274.98999,331.22000099999997,268.320007
686,10/5/18,144.0,275.920013,331.140015,269.200012
687,10/8/18,143.380005,277.390015,333.660004,269.01001
688,10/9/18,143.66000400000001,279.179993,335.140015,270.109985
689,10/10/18,138.619995,272.649994,328.799988,263.079987
690,10/11/18,138.78999299999998,268.519989,319.910004,257.119995
691,10/12/18,139.53999299999998,271.410004,318.350006,259.609985
692,10/15/18,138.570007,267.380005,317.01001,260.25
693,10/16/18,143.58999599999999,278.420013,328.350006,272.570007
694,10/17/18,143.130005,279.579987,328.079987,267.299988
695,10/18/18,142.399994,281.190002,332.309998,266.809998
696,10/19/18,134.559998,279.149994,328.380005,265.299988
697,10/22/18,134.080002,275.730011,326.649994,262.190002
698,10/23/18,133.350006,274.089996,325.829987,264.859985
699,10/24/18,129.149994,265.429993,317.73999,256.320007
700,10/25/18,132.470001,270.929993,321.579987,264.23999
701,10/26/18,127.589996,265.75,318.25,258.179993
702,10/29/18,124.620003,263.519989,317.609985,256.519989
703,10/30/18,125.800003,265.48999,323.5,258.27999900000003
704,10/31/18,126.769997,275.570007,320.410004,261.350006
705,11/1/18,124.790001,265.929993,320.869995,260.929993
706,11/2/18,123.0,268.0,323.049988,261.01001
707,11/5/18,124.720001,269.179993,326.609985,261.01001
708,11/6/18,124.230003,272.01001,331.809998,263.540009
709,11/7/18,137.320007,289.940002,353.980011,274.630005
710,11/8/18,136.03999299999998,287.369995,339.589996,276.649994
711,11/9/18,134.16000400000001,287.059998,338.950012,276.549988
712,11/12/18,132.91000400000001,282.670013,337.649994,272.380005
713,11/13/18,135.360001,280.25,334.070007,269.22000099999997
714,11/14/18,126.93,280.100006,320.410004,264.959991
715,11/15/18,126.199997,284.140015,318.01001,264.940002
716,11/16/18,124.849998,286.329987,319.730011,271.109985
717,11/19/18,118.209999,281.790009,310.399994,266.049988
718,11/20/18,120.550003,277.859985,307.22000099999997,261.5
719,11/21/18,125.589996,278.950012,305.100006,260.549988
720,11/23/18,128.830002,280.73999,305.920013,261.619995
721,11/26/18,128.440002,281.329987,313.549988,266.160004
722,11/27/18,127.260002,282.079987,309.630005,271.149994
723,11/28/18,132.860001,291.299988,328.899994,280.950012
724,11/29/18,138.119995,292.170013,330.290009,282.549988
725,11/30/18,139.71000700000002,290.070007,329.47000099999997,281.359985
726,12/3/18,138.46000700000002,296.25,333.480011,286.329987
727,12/4/18,140.0,292.920013,324.47000099999997,278.549988
728,12/6/18,136.509995,287.410004,316.269989,276.850006
729,12/7/18,132.800003,280.52999900000003,306.0,269.179993
730,12/10/18,133.179993,276.660004,307.320007,266.52999900000003
731,12/11/18,135.75,276.23999,306.070007,267.22000099999997
732,12/12/18,141.75,278.559998,310.519989,270.640015
733,12/13/18,142.78999299999998,280.450012,312.5,272.149994
734,12/14/18,131.720001,275.579987,299.929993,265.019989
735,12/17/18,120.0,266.690002,303.22000099999997,258.070007
736,12/18/18,118.360001,259.359985,292.019989,252.97000099999997
737,12/19/18,117.279999,257.609985,283.290009,250.309998
738,12/20/18,114.529999,252.11000099999998,278.089996,242.440002
739,12/21/18,110.379997,251.960007,274.640015,238.33999599999999
740,12/24/18,107.910004,249.0,273.359985,232.940002
741,12/26/18,114.760002,259.399994,282.609985,243.350006
742,12/27/18,114.459999,260.880005,284.429993,245.97000099999997
743,12/28/18,113.660004,259.079987,282.27999900000003,246.24000499999997
744,12/31/18,116.220001,262.630005,286.480011,249.11999500000002
745,1/2/19,112.889999,255.020004,281.589996,243.49000499999997
746,1/3/19,105.900002,248.419998,269.700012,236.850006
747,1/4/19,109.660004,249.91000400000001,276.619995,239.61999500000002
748,1/7/19,117.75,250.350006,276.579987,240.080002
749,1/8/19,128.309998,249.460007,274.929993,243.289993
750,1/9/19,130.58999599999999,251.350006,276.25,243.63999900000002
751,1/10/19,133.03999299999998,252.270004,275.019989,244.86999500000002
752,1/11/19,133.380005,256.640015,283.47000099999997,247.669998
753,1/14/19,132.75,255.11999500000002,282.079987,248.059998
754,1/15/19,135.110001,260.350006,288.609985,256.869995
755,1/16/19,135.970001,261.920013,293.299988,261.459991
756,1/17/19,135.399994,261.890015,291.019989,259.769989
757,1/18/19,136.96000700000002,266.119995,295.559998,265.5
758,1/22/19,134.570007,264.570007,298.77999900000003,265.690002
759,1/23/19,133.869995,268.100006,299.27999900000003,267.019989
760,1/24/19,133.699997,265.600006,300.52999900000003,266.130005
761,1/25/19,135.320007,272.679993,300.679993,268.049988
762,1/28/19,136.130005,270.01001,301.630005,266.769989
763,1/29/19,134.600006,272.709991,300.820007,267.339996
764,1/30/19,134.0,297.559998,306.390015,270.369995
765,1/31/19,132.979996,303.0,308.98999,270.200012
766,2/1/19,138.860001,303.290009,306.299988,268.72000099999997
767,2/4/19,136.360001,304.209991,305.959991,268.209991
768,2/5/19,138.570007,303.549988,303.410004,266.309998
769,2/6/19,138.279999,311.359985,301.769989,269.5
770,2/7/19,137.800003,308.049988,303.97000099999997,269.0
771,2/8/19,136.899994,304.25,298.890015,261.899994
772,2/11/19,137.08999599999999,302.170013,293.76001,257.140015
773,2/12/19,129.389999,306.440002,296.329987,263.5
774,2/13/19,137.009995,305.700012,299.350006,263.799988
775,2/14/19,136.080002,308.170013,301.559998,265.329987
776,2/15/19,135.33999599999999,311.579987,310.299988,271.130005
777,2/19/19,134.860001,311.600006,305.399994,270.410004
778,2/20/19,137.669998,312.950012,308.880005,269.51001
779,2/21/19,136.570007,311.299988,307.559998,266.399994
780,2/22/19,141.729996,316.790009,309.679993,267.109985
781,2/25/19,145.600006,314.399994,304.869995,264.600006
782,2/26/19,145.830002,317.420013,302.350006,262.980011
783,2/27/19,140.330002,306.070007,287.97000099999997,250.080002
784,2/28/19,134.630005,300.730011,285.040009,242.22000099999997
785,3/1/19,138.399994,307.679993,291.019989,246.149994
786,3/4/19,132.729996,292.589996,277.660004,236.020004
787,3/5/19,134.080002,298.690002,277.230011,241.42999300000002
788,3/6/19,129.449997,294.459991,272.100006,239.07000699999998
789,3/7/19,130.33999599999999,291.420013,268.440002,236.69999700000002
790,3/8/19,132.550003,295.040009,268.269989,237.289993
791,3/11/19,135.850006,295.97000099999997,273.100006,243.149994
792,3/12/19,138.940002,296.980011,274.450012,245.88000499999998
793,3/13/19,141.770004,303.609985,283.02999900000003,252.25
794,3/14/19,140.130005,305.450012,279.820007,253.270004
795,3/15/19,139.399994,303.0,280.140015,251.399994
796,3/18/19,143.020004,308.230011,282.170013,255.0
797,3/19/19,145.630005,307.98999,286.660004,257.130005
798,3/20/19,142.580002,303.01001,275.309998,250.5
799,3/21/19,148.28999299999998,304.859985,276.76001,252.020004
800,3/22/19,146.479996,301.51001,272.600006,247.08999599999999
801,3/25/19,144.229996,297.75,270.160004,246.86000099999998
802,3/26/19,130.21000700000002,288.299988,262.910004,243.38999900000002
803,3/27/19,133.080002,283.0,262.890015,241.710007
804,3/28/19,138.199997,282.350006,262.609985,242.229996
805,3/29/19,141.96000700000002,286.980011,266.0,247.25999500000003
806,4/1/19,144.699997,288.329987,268.329987,245.539993
807,4/2/19,142.690002,288.200012,262.320007,244.41000400000001
808,4/3/19,145.070007,287.660004,263.76001,245.83999599999999
809,4/4/19,145.279999,291.200012,271.369995,247.38999900000002
810,4/5/19,147.360001,293.309998,276.480011,248.77999900000003
811,4/8/19,147.490005,289.5,273.559998,248.75
812,4/9/19,145.600006,290.100006,274.630005,248.789993
813,4/10/19,145.240005,288.040009,266.5,246.02999900000003
814,4/11/19,141.529999,276.290009,260.73999,235.419998
815,4/12/19,129.389999,252.850006,253.309998,223.22000099999997
816,4/15/19,131.979996,262.880005,254.0,230.19999700000002
817,4/16/19,122.089996,245.13000499999998,235.100006,220.960007
818,4/17/19,116.66999799999999,236.25,232.88999900000002,216.83999599999999
819,4/18/19,120.68,239.61999500000002,240.690002,221.75
820,4/22/19,121.220001,244.0,242.600006,227.11000099999998
821,4/23/19,123.949997,250.63999900000002,248.44999700000002,230.580002
822,4/24/19,123.720001,251.0,249.88999900000002,230.350006
823,4/25/19,124.269997,255.91000400000001,251.86000099999998,230.789993
824,4/26/19,128.490005,266.399994,258.0,237.0
825,4/29/19,128.729996,266.290009,256.839996,237.44999700000002
826,4/30/19,129.630005,263.02999900000003,255.41000400000001,233.07000699999998
827,5/1/19,126.800003,260.72000099999997,246.16000400000001,231.94999700000002
828,5/2/19,126.75,261.589996,247.38000499999998,232.44999700000002
829,5/3/19,128.259995,261.700012,249.5,231.94999700000002
830,5/6/19,130.0,268.700012,249.649994,240.5
831,5/7/19,127.040001,264.890015,245.27999900000003,238.05000299999998
832,5/8/19,129.46000700000002,264.649994,247.77999900000003,239.149994
833,5/9/19,128.380005,266.049988,243.88999900000002,237.97000099999997
834,5/10/19,129.130005,268.309998,244.059998,240.58999599999999
835,5/13/19,126.540001,261.200012,235.67999300000002,239.55000299999998
836,5/14/19,128.389999,261.329987,235.11000099999998,236.42999300000002
837,5/15/19,129.600006,258.649994,243.67999300000002,236.080002
838,5/16/19,129.75,263.820007,242.22000099999997,236.789993
839,5/17/19,129.690002,265.070007,247.82000699999998,241.38000499999998
840,5/20/19,129.759995,266.309998,250.02999900000003,245.99000499999997
841,5/21/19,134.399994,277.059998,256.76001,249.940002
842,5/22/19,133.880005,277.140015,260.730011,249.33999599999999
843,5/23/19,127.449997,277.72000099999997,259.5,246.5
844,5/24/19,132.139999,277.25,263.329987,247.63000499999998
845,5/28/19,132.0,272.26001,252.05000299999998,242.059998
846,5/29/19,131.119995,275.570007,251.039993,242.399994
847,5/30/19,134.770004,277.820007,247.86000099999998,243.5
848,5/31/19,142.259995,277.980011,244.86000099999998,241.80000299999998
849,6/3/19,145.130005,276.440002,250.32000699999998,236.559998
850,6/4/19,152.559998,279.809998,252.830002,240.75999500000003
851,6/5/19,153.33999599999999,276.920013,251.92999300000002,242.770004
852,6/6/19,155.279999,277.5,246.850006,241.82000699999998
853,6/7/19,153.729996,278.130005,248.86999500000002,246.770004
854,6/10/19,152.550003,282.140015,249.669998,248.13999900000002
855,6/11/19,152.059998,283.450012,243.210007,245.86999500000002
856,6/12/19,147.91000400000001,281.100006,246.080002,244.5
857,6/13/19,148.080002,285.100006,254.729996,244.960007
858,6/14/19,144.929993,285.320007,251.830002,245.36999500000002
859,6/17/19,146.58999599999999,287.450012,254.770004,245.97000099999997
860,6/18/19,145.850006,288.329987,257.959991,245.69999700000002
861,6/19/19,146.369995,291.070007,256.790009,250.190002
862,6/20/19,146.440002,291.230011,258.829987,247.75999500000003
863,6/21/19,150.800003,293.76001,270.209991,252.27999900000003
864,6/24/19,147.330002,290.52999900000003,267.27999900000003,249.63999900000002
865,6/25/19,145.350006,285.179993,261.839996,247.66000400000001
866,6/26/19,137.78999299999998,278.839996,261.950012,243.47000099999997
867,6/27/19,141.33999599999999,282.420013,264.600006,246.33999599999999
868,6/28/19,143.139999,282.209991,265.299988,244.00999500000003
869,7/1/19,140.309998,282.72000099999997,261.140015,242.63999900000002
870,7/2/19,140.860001,280.660004,259.429993,243.97000099999997
871,7/3/19,142.529999,282.77999900000003,262.51001,245.210007
872,7/5/19,143.570007,284.059998,264.649994,246.99000499999997
873,7/8/19,139.850006,284.73999,264.149994,247.83999599999999
874,7/9/19,136.779999,284.160004,260.140015,246.0
875,7/10/19,137.869995,287.920013,267.910004,247.479996
876,7/11/19,143.330002,303.880005,280.190002,261.160004
877,7/12/19,144.869995,310.480011,291.25,265.899994
878,7/15/19,142.020004,306.850006,285.320007,265.959991
879,7/16/19,141.270004,305.410004,284.299988,264.660004
880,7/17/19,140.669998,304.690002,281.980011,266.649994
881,7/18/19,142.08999599999999,304.570007,283.329987,260.600006
882,7/19/19,140.380005,302.119995,281.670013,256.649994
883,7/22/19,141.0,301.77999900000003,282.190002,255.32000699999998
884,7/23/19,141.21000700000002,302.589996,281.670013,255.00999500000003
885,7/24/19,136.399994,288.910004,276.089996,251.13000499999998
886,7/25/19,135.470001,293.950012,274.440002,248.69999700000002
887,7/26/19,139.860001,299.980011,276.869995,252.940002
888,7/29/19,138.919998,298.320007,281.019989,253.82000699999998
889,7/30/19,137.5,299.640015,284.519989,254.92999300000002
890,7/31/19,132.779999,294.609985,296.75,249.00999500000003
891,8/1/19,130.240005,292.950012,298.190002,249.25
892,8/2/19,129.240005,290.570007,293.929993,250.05000299999998
893,8/5/19,123.949997,283.619995,286.679993,245.059998
894,8/6/19,127.260002,291.040009,292.25,248.27999900000003
895,8/7/19,131.5,286.5,293.890015,246.44999700000002
896,8/8/19,135.21000700000002,288.649994,295.25,247.61999500000002
897,8/9/19,134.440002,287.329987,297.77999900000003,248.63000499999998
898,8/12/19,133.949997,282.0,295.5,243.19999700000002
899,8/13/19,137.279999,286.899994,304.869995,249.22000099999997
900,8/14/19,134.320007,272.899994,296.299988,243.19999700000002
901,8/15/19,133.940002,274.109985,291.059998,244.25
902,8/16/19,136.679993,275.540009,297.0,245.690002
903,8/19/19,138.919998,273.410004,298.570007,244.710007
904,8/20/19,131.529999,266.570007,294.420013,240.16000400000001
905,8/21/19,133.259995,267.880005,298.0,240.350006
906,8/22/19,129.58999599999999,261.059998,288.820007,232.940002
907,8/23/19,127.33000200000001,260.380005,286.959991,230.66000400000001
908,8/26/19,127.629997,260.51001,288.790009,231.080002
909,8/27/19,125.900002,251.30000299999998,272.059998,222.92999300000002
910,8/28/19,126.91999799999999,253.809998,276.079987,227.350006
911,8/29/19,129.899994,259.790009,279.48999,230.61999500000002
912,8/30/19,130.279999,261.519989,283.209991,234.0
913,9/3/19,127.339996,258.100006,280.359985,230.61999500000002
914,9/4/19,122.839996,254.229996,274.179993,226.729996
915,9/5/19,122.980003,251.22000099999997,274.709991,229.58999599999999
916,9/6/19,119.68,249.38000499999998,273.51001,229.0
917,9/9/19,118.589996,250.44999700000002,275.690002,230.67999300000002
918,9/10/19,120.0,252.58999599999999,276.850006,232.460007
919,9/11/19,118.75,249.809998,276.809998,234.210007
920,9/12/19,113.940002,248.16000400000001,268.380005,230.100006
921,9/13/19,114.959999,253.080002,274.690002,233.61000099999998
922,9/16/19,115.93,258.579987,278.27999900000003,234.42999300000002
923,9/17/19,115.25,257.290009,273.77999900000003,232.520004
924,9/18/19,114.480003,251.789993,273.130005,230.61000099999998
925,9/19/19,115.260002,255.44999700000002,278.410004,232.850006
926,9/20/19,114.559998,252.08999599999999,277.27999900000003,232.88999900000002
927,9/23/19,116.209999,251.399994,277.299988,228.770004
928,9/24/19,112.129997,248.190002,274.97000099999997,225.0
929,9/25/19,111.889999,244.0,267.690002,222.169998
930,9/26/19,109.239998,238.80000299999998,263.920013,215.479996
931,9/27/19,107.470001,237.690002,257.589996,215.25999500000003
932,9/30/19,109.720001,240.100006,255.669998,217.32000699999998
933,10/1/19,109.480003,238.440002,254.38000499999998,217.210007
934,10/2/19,110.089996,237.899994,255.49000499999997,216.75
935,10/3/19,112.230003,238.229996,253.559998,215.36000099999998
936,10/4/19,112.769997,241.789993,256.059998,219.80000299999998
937,10/7/19,111.279999,241.02999900000003,255.24000499999997,221.24000499999997
938,10/8/19,111.290001,235.520004,253.169998,220.11000099999998
939,10/9/19,112.83000200000001,238.25,253.80000299999998,222.080002
940,10/10/19,113.050003,237.229996,261.149994,223.729996
941,10/11/19,113.389999,237.55000299999998,266.26001,222.07000699999998
942,10/14/19,112.519997,234.82000699999998,264.0,220.58999599999999
943,10/15/19,117.470001,248.940002,276.640015,238.58999599999999
944,10/16/19,118.0,245.020004,275.369995,236.99000499999997
945,10/17/19,121.5,249.25,285.5,243.669998
946,10/18/19,122.93,249.399994,289.26001,245.33999599999999
947,10/21/19,121.449997,253.07000699999998,287.149994,243.919998
948,10/22/19,124.110001,260.25,290.109985,249.479996
949,10/23/19,121.849998,263.51001,290.209991,247.80000299999998
950,10/24/19,120.459999,259.48999,286.609985,244.50999500000003
951,10/25/19,121.889999,263.070007,288.089996,244.91000400000001
952,10/28/19,124.269997,267.670013,289.369995,247.05000299999998
953,10/29/19,124.68,272.640015,295.839996,252.289993
954,10/30/19,123.879997,273.459991,294.190002,254.80000299999998
955,10/31/19,117.639999,269.079987,294.200012,252.69999700000002
956,11/1/19,118.83000200000001,270.75,296.200012,252.210007
957,11/4/19,119.129997,271.72000099999997,296.98999,251.25
958,11/5/19,120.440002,273.0,294.75,250.30000299999998
959,11/6/19,119.870003,277.320007,304.940002,250.520004
960,11/7/19,121.41999799999999,279.769989,315.140015,256.459991
961,11/8/19,126.18,282.089996,317.579987,256.97000099999997
962,11/11/19,121.910004,279.149994,317.559998,254.08999599999999
963,11/12/19,122.599998,283.670013,320.290009,255.25
964,11/13/19,121.599998,283.73999,318.899994,253.57000699999998
965,11/14/19,122.199997,282.01001,318.0,255.830002
966,11/15/19,129.699997,297.820007,335.549988,269.399994
967,11/18/19,134.479996,294.0,334.540009,272.929993
968,11/19/19,135.46000700000002,292.72000099999997,336.130005,274.230011
969,11/20/19,135.529999,292.700012,337.769989,275.559998
970,11/21/19,135.699997,293.730011,338.47000099999997,276.549988
971,11/22/19,134.529999,291.829987,338.23999,276.839996
972,11/25/19,135.899994,293.890015,344.820007,282.670013
973,11/26/19,133.630005,287.23999,342.089996,281.399994
974,11/27/19,137.919998,289.450012,341.940002,280.670013
975,11/29/19,135.5,288.660004,341.230011,279.869995
976,12/2/19,135.110001,287.429993,338.25,279.660004
977,12/3/19,133.190002,286.190002,341.839996,276.899994
978,12/4/19,133.360001,287.380005,344.119995,279.320007
979,12/5/19,132.490005,286.299988,345.209991,282.0
980,12/6/19,133.300003,285.269989,348.140015,280.190002
981,12/9/19,129.630005,282.329987,342.27999900000003,277.540009
982,12/10/19,130.009995,283.850006,344.559998,279.519989
983,12/11/19,127.839996,280.600006,344.77999900000003,280.5
984,12/12/19,129.720001,284.420013,347.02999900000003,283.609985
985,12/13/19,129.53999299999998,284.119995,353.130005,285.480011
986,12/16/19,134.21000700000002,291.77999900000003,365.880005,292.02999900000003
987,12/17/19,132.479996,290.73999,363.920013,290.47000099999997
988,12/18/19,133.389999,293.179993,367.549988,292.899994
989,12/19/19,135.03999299999998,298.22000099999997,365.600006,294.619995
990,12/20/19,133.53999299999998,303.0,368.790009,292.589996
991,12/23/19,136.649994,303.179993,367.76001,295.089996
992,12/24/19,136.240005,304.5,368.339996,294.540009
993,12/26/19,136.380005,304.76001,369.609985,295.649994
994,12/27/19,136.100006,306.420013,371.0,295.97000099999997
995,12/30/19,135.83999599999999,305.309998,367.769989,293.850006
996,12/31/19,135.690002,302.02999900000003,366.519989,293.980011
997,1/2/20,133.369995,300.869995,363.23999,292.5
998,1/3/20,132.53999299999998,296.880005,364.859985,289.540009
999,1/6/20,137.350006,300.450012,370.549988,291.549988
1000,1/7/20,139.259995,299.540009,366.869995,289.790009
1001,1/8/20,143.779999,307.480011,375.0,295.899994
1002,1/9/20,143.429993,306.410004,364.51001,294.22000099999997
1003,1/10/20,143.350006,307.73999,364.119995,295.130005
1004,1/13/20,139.770004,296.73999,356.880005,285.850006
1005,1/14/20,131.850006,296.880005,357.25,288.23999
1006,1/15/20,138.949997,301.549988,364.070007,296.410004
1007,1/16/20,140.860001,305.049988,367.130005,300.73999
1008,1/17/20,136.820007,305.390015,366.549988,298.47000099999997
1009,1/21/20,138.380005,305.98999,364.869995,300.52999900000003
1010,1/22/20,137.75,303.51001,365.72000099999997,300.589996
1011,1/23/20,137.970001,304.399994,363.579987,299.459991
1012,1/24/20,134.570007,297.27999900000003,356.899994,292.809998
1013,1/27/20,128.449997,283.790009,346.910004,284.089996
1014,1/28/20,131.369995,290.320007,352.850006,285.869995
1015,1/29/20,129.240005,272.910004,351.570007,282.899994
1016,1/30/20,126.75,265.890015,343.23999,280.980011
1017,1/31/20,122.970001,265.27999900000003,336.23999,272.450012
1018,2/3/20,124.970001,266.429993,333.089996,274.019989
1019,2/4/20,124.489998,273.369995,342.75,280.839996
1020,2/5/20,129.78999299999998,287.329987,364.799988,295.730011
1021,2/6/20,128.029999,282.329987,359.149994,292.459991
1022,2/7/20,128.0,276.480011,353.26001,289.22000099999997
1023,2/10/20,129.350006,276.549988,353.0,287.02999900000003
1024,2/11/20,141.419998,279.910004,357.170013,290.790009
1025,2/12/20,145.729996,296.0,373.859985,303.480011
1026,2/13/20,145.580002,298.869995,380.200012,302.200012
1027,2/14/20,144.990005,297.820007,375.850006,298.77999900000003
1028,2/18/20,149.21000700000002,302.450012,372.119995,302.140015
1029,2/19/20,153.83999599999999,304.059998,378.519989,305.309998
1030,2/20/20,150.490005,293.940002,370.98999,302.130005
1031,2/21/20,149.800003,294.709991,369.670013,301.429993
1032,2/24/20,138.21000700000002,277.5,346.160004,277.790009
1033,2/25/20,129.03999299999998,267.399994,332.019989,263.390015
1034,2/26/20,128.729996,268.149994,328.670013,263.0
1035,2/27/20,124.18,257.859985,314.329987,253.919998
1036,2/28/20,122.550003,257.089996,319.679993,254.960007
1037,3/2/20,127.32,271.269989,345.359985,273.109985
1038,3/3/20,122.43,256.380005,325.369995,261.399994
1039,3/4/20,142.350006,296.420013,372.339996,289.420013
1040,3/5/20,140.020004,287.160004,370.600006,282.959991
1041,3/6/20,138.199997,282.190002,367.01001,283.869995
1042,3/9/20,132.770004,269.820007,337.200012,273.440002
1043,3/10/20,136.380005,286.049988,349.299988,280.0
1044,3/11/20,131.919998,281.690002,328.22000099999997,277.77999900000003
1045,3/12/20,130.03999299999998,256.209991,293.049988,250.41000400000001
1046,3/13/20,146.350006,270.339996,313.910004,272.040009
1047,3/16/20,121.690002,224.039993,270.209991,225.039993
1048,3/17/20,125.739998,238.32000699999998,272.579987,244.22000099999997
1049,3/18/20,120.050003,206.96000700000002,246.580002,217.059998
1050,3/19/20,120.480003,200.869995,256.190002,219.80000299999998
1051,3/20/20,113.75,191.58999599999999,230.61000099999998,206.58999599999999
1052,3/23/20,107.790001,174.679993,214.42999300000002,194.860001
1053,3/24/20,117.910004,196.83999599999999,234.059998,219.80000299999998
1054,3/25/20,130.229996,216.36999500000002,269.01001,234.49000499999997
1055,3/26/20,139.979996,235.669998,304.480011,255.38999900000002
1056,3/27/20,135.169998,222.960007,297.070007,242.44999700000002
1057,3/30/20,139.350006,230.580002,311.230011,251.27999900000003
1058,3/31/20,139.71000700000002,227.039993,314.019989,249.38000499999998
1059,4/1/20,131.16000400000001,214.30000299999998,298.75,237.32000699999998
1060,4/2/20,133.479996,211.38999900000002,300.109985,240.440002
1061,4/3/20,132.130005,203.300003,291.630005,229.49000499999997
1062,4/6/20,141.0,225.72000099999997,327.47000099999997,248.33999599999999
1063,4/7/20,140.110001,224.05000299999998,320.049988,248.039993
1064,4/8/20,157.559998,247.020004,337.26001,267.829987
1065,4/9/20,153.279999,242.460007,341.899994,264.130005
1066,4/13/20,156.71000700000002,240.52999900000003,348.26001,263.51001
1067,4/14/20,163.28999299999998,252.00999500000003,352.209991,270.5
1068,4/15/20,160.199997,250.47000099999997,353.540009,281.679993
1069,4/16/20,170.970001,271.839996,377.309998,298.429993
1070,4/17/20,169.820007,267.820007,373.589996,290.559998
1071,4/20/20,164.300003,263.200012,367.329987,282.140015
1072,4/21/20,160.429993,249.36999500000002,358.859985,274.190002
1073,4/22/20,163.369995,262.959991,367.170013,277.019989
1074,4/23/20,167.220001,261.549988,366.070007,285.329987
1075,4/24/20,168.279999,264.119995,369.089996,291.290009
1076,4/27/20,170.869995,270.059998,373.519989,293.980011
1077,4/28/20,166.350006,268.22000099999997,362.869995,288.359985
1078,4/29/20,164.759995,280.609985,377.380005,287.649994
1079,4/30/20,163.970001,280.730011,381.820007,292.47000099999997
1080,5/1/20,173.25,269.570007,372.23999,284.51001
1081,5/4/20,178.309998,271.0,377.839996,287.540009
1082,5/5/20,181.080002,275.070007,384.059998,293.040009
1083,5/6/20,183.100006,270.619995,374.98999,288.769989
1084,5/7/20,177.270004,265.730011,371.420013,285.0
1085,5/8/20,175.550003,274.329987,377.5,287.0
1086,5/11/20,178.860001,272.369995,380.040009,288.690002
1087,5/12/20,180.5,272.959991,383.709991,287.700012
1088,5/13/20,174.380005,267.799988,377.420013,278.0
1089,5/14/20,176.479996,273.27999900000003,385.809998,290.609985
1090,5/15/20,181.419998,278.089996,398.22000099999997,290.959991
1091,5/18/20,173.75,279.959991,392.369995,293.359985
1092,5/19/20,176.669998,281.100006,394.47000099999997,289.049988
1093,5/20/20,176.970001,280.0,391.190002,287.98999
1094,5/21/20,181.720001,278.679993,395.269989,286.910004
1095,5/22/20,182.21000700000002,277.109985,394.429993,289.940002
1096,5/26/20,183.71000700000002,283.420013,397.089996,294.890015
1097,5/27/20,183.649994,287.25,399.339996,303.769989
1098,5/28/20,186.860001,291.369995,403.809998,303.97000099999997
1099,5/29/20,185.820007,294.109985,410.649994,304.850006
1100,6/1/20,183.070007,290.02999900000003,401.5,305.929993
1101,6/2/20,183.119995,294.200012,404.899994,306.309998
1102,6/3/20,179.139999,289.269989,393.730011,305.350006
1103,6/4/20,173.580002,282.089996,392.269989,298.079987
1104,6/5/20,171.029999,287.890015,389.859985,311.850006
1105,6/8/20,171.770004,300.589996,398.100006,309.480011
1106,6/9/20,175.08999599999999,291.01001,390.179993,309.209991
1107,6/10/20,178.83999599999999,288.540009,392.51001,305.75
1108,6/11/20,168.96000700000002,264.540009,373.540009,283.730011
1109,6/12/20,169.889999,265.73999,378.72000099999997,285.149994
1110,6/15/20,166.190002,262.329987,378.850006,286.27999900000003
1111,6/16/20,172.71000700000002,267.429993,378.0,293.0
1112,6/17/20,168.800003,265.72000099999997,380.0,292.600006
1113,6/18/20,171.169998,265.52999900000003,379.070007,291.480011
1114,6/19/20,179.75,266.429993,380.76001,291.23999
1115,6/22/20,179.850006,265.209991,379.809998,292.670013
1116,6/23/20,178.639999,268.98999,381.77999900000003,297.600006
1117,6/24/20,172.880005,257.309998,371.799988,289.179993
1118,6/25/20,174.729996,261.0,376.130005,296.22000099999997
1119,6/26/20,169.08999599999999,255.649994,374.640015,286.880005
1120,6/29/20,171.600006,259.269989,379.359985,289.76001
1121,6/30/20,177.979996,262.980011,387.75,294.950012
1122,7/1/20,179.119995,268.679993,391.549988,297.730011
1123,7/2/20,182.050003,267.0,391.890015,298.26001
1124,7/6/20,182.940002,269.0,396.459991,302.809998
1125,7/7/20,182.419998,264.890015,391.700012,296.649994
1126,7/8/20,182.350006,262.540009,386.0,298.359985
1127,7/9/20,178.619995,255.0,382.920013,291.160004
1128,7/10/20,176.53999299999998,255.0,381.579987,291.230011
1129,7/13/20,176.669998,257.579987,381.869995,299.709991
1130,7/14/20,185.479996,263.47000099999997,396.540009,308.519989
1131,7/15/20,185.860001,267.27999900000003,395.369995,304.070007
1132,7/16/20,184.179993,264.089996,395.890015,307.149994
1133,7/17/20,185.880005,266.369995,404.48999,306.52999900000003
1134,7/20/20,179.199997,259.0,396.76001,303.459991
1135,7/21/20,181.46000700000002,265.709991,397.589996,305.109985
1136,7/22/20,183.75,268.089996,402.369995,306.709991
1137,7/23/20,183.53999299999998,269.929993,397.75,302.97000099999997
1138,7/24/20,184.25,270.48999,392.140015,300.790009
1139,7/27/20,182.240005,263.98999,391.019989,298.600006
1140,7/28/20,181.5,265.230011,386.649994,299.929993
1141,7/29/20,187.649994,281.559998,396.399994,306.679993
1142,7/30/20,187.020004,277.190002,398.540009,305.230011
1143,7/31/20,184.699997,273.799988,392.450012,302.77999900000003
1144,8/3/20,185.809998,270.75,394.549988,303.609985
1145,8/4/20,186.699997,270.890015,391.179993,304.5
1146,8/5/20,193.970001,275.649994,403.910004,312.47000099999997
1147,8/6/20,194.259995,271.480011,407.630005,314.059998
1148,8/7/20,196.009995,276.660004,417.940002,317.02999900000003
1149,8/10/20,189.300003,278.850006,419.76000999999997,319.100006
1150,8/11/20,185.610001,280.329987,415.769989,315.549988
1151,8/12/20,191.800003,283.179993,420.05999800000006,322.269989
1152,8/13/20,193.020004,282.329987,419.5,321.519989
1153,8/14/20,193.759995,283.230011,422.01998899999995,323.700012
1154,8/17/20,195.550003,283.109985,420.01000999999997,320.51001
1155,8/18/20,192.800003,282.450012,417.170013,316.809998
1156,8/19/20,193.509995,283.399994,418.0,315.399994
1157,8/20/20,189.96000700000002,281.75,413.959991,313.329987
1158,8/21/20,188.550003,284.630005,418.790009,314.140015
1159,8/24/20,181.58999599999999,279.160004,406.079987,308.839996
1160,8/25/20,182.259995,276.47000099999997,405.839996,312.22000099999997
1161,8/26/20,181.21000700000002,270.209991,403.730011,308.820007
1162,8/27/20,183.740005,274.589996,407.450012,311.670013
1163,8/28/20,183.820007,277.27999900000003,408.040009,314.369995
1164,8/31/20,184.970001,281.519989,415.170013,312.549988
1165,9/1/20,186.029999,273.079987,414.850006,312.829987
1166,9/2/20,193.149994,279.97000099999997,427.76998899999995,320.23999
1167,9/3/20,184.100006,277.0,421.27999900000003,316.230011
1168,9/4/20,183.0,276.22000099999997,413.190002,312.0
1169,9/8/20,175.080002,267.209991,405.369995,307.25
1170,9/9/20,175.5,267.420013,408.22000099999997,312.019989
1171,9/10/20,171.449997,260.839996,393.369995,304.600006
1172,9/11/20,168.83999599999999,258.02999900000003,391.359985,301.480011
1173,9/14/20,179.279999,265.600006,403.630005,308.570007
1174,9/15/20,181.78999299999998,260.149994,399.98999,307.230011
1175,9/16/20,184.169998,263.619995,399.070007,306.519989
1176,9/17/20,181.309998,263.0,397.5,304.980011
1177,9/18/20,184.559998,264.190002,402.630005,308.019989
1178,9/21/20,168.880005,257.709991,394.51001,299.190002
1179,9/22/20,156.21000700000002,247.440002,386.76001,294.26001
1180,9/23/20,153.070007,245.729996,385.420013,292.140015
1181,9/24/20,153.080002,248.77999900000003,387.0,292.660004
1182,9/25/20,161.509995,255.25,400.850006,302.5
1183,9/28/20,163.070007,257.059998,400.0,303.230011
1184,9/29/20,171.800003,259.790009,401.5,304.149994
1185,9/30/20,183.03999299999998,268.589996,413.890015,311.769989
1186,10/1/20,188.179993,270.170013,415.359985,313.070007
1187,10/2/20,193.360001,275.01001,408.309998,311.980011
1188,10/5/20,201.320007,284.790009,419.619995,318.149994
1189,10/6/20,198.179993,283.640015,416.200012,314.450012
1190,10/7/20,203.529999,293.119995,429.410004,323.170013
1191,10/8/20,199.75,293.290009,427.32000700000003,322.410004
1192,10/9/20,199.199997,294.410004,433.44000199999994,327.839996
1193,10/12/20,204.399994,298.570007,430.51998899999995,329.97000099999997
1194,10/13/20,203.630005,297.440002,432.80999800000006,331.420013
1195,10/14/20,202.850006,292.339996,423.0,321.850006
1196,10/15/20,206.5,294.899994,435.35998499999994,324.570007
1197,10/16/20,210.63999900000002,296.869995,437.72000099999997,329.899994
1198,10/19/20,206.690002,292.209991,433.079987,324.22000099999997
1199,10/20/20,206.600006,291.190002,436.410004,323.410004
1200,10/21/20,206.729996,296.160004,437.23001100000005,322.790009
1201,10/22/20,211.11999500000002,305.170013,441.160004,325.730011
1202,10/23/20,212.55000299999998,310.76001,444.30999800000006,330.600006
1203,10/26/20,205.029999,299.75,435.130005,323.059998
1204,10/27/20,203.869995,298.880005,432.14001500000006,320.51001
1205,10/28/20,193.229996,285.799988,413.25,308.0
1206,10/29/20,187.110001,273.26001,396.75,303.679993
1207,10/30/20,186.470001,272.799988,399.27999900000003,305.140015
1208,11/2/20,198.850006,278.25,408.579987,312.100006
1209,11/3/20,211.58999599999999,293.459991,423.42999299999997,321.350006
1210,11/4/20,216.940002,327.859985,452.01000999999997,354.559998
1211,11/5/20,216.82000699999998,319.600006,440.790009,354.399994
1212,11/6/20,215.47000099999997,313.320007,432.549988,347.459991
1213,11/9/20,207.100006,322.410004,422.98999000000003,350.0
1214,11/10/20,220.039993,328.559998,430.670013,353.690002
1215,11/11/20,219.00999500000003,323.369995,426.0,351.700012
1216,11/12/20,215.80000299999998,329.920013,431.799988,354.410004
1217,11/13/20,219.74000499999997,332.959991,433.39999400000005,355.670013
1218,11/16/20,218.899994,333.149994,428.540009,356.820007
1219,11/17/20,219.75999500000003,329.839996,422.23001100000005,352.100006
1220,11/18/20,213.33999599999999,322.380005,418.440002,344.51001
1221,11/19/20,209.179993,311.850006,407.170013,337.0
1222,11/20/20,207.259995,305.619995,406.209991,334.700012
1223,11/23/20,207.199997,310.660004,409.290009,335.059998
1224,11/24/20,205.169998,313.940002,408.190002,336.01001
1225,11/25/20,202.820007,309.049988,401.040009,333.190002
1226,11/27/20,207.020004,312.799988,406.48999,337.940002
1227,11/30/20,204.130005,311.519989,400.519989,336.339996
1228,12/1/20,207.199997,313.899994,405.72000099999997,341.190002
1229,12/2/20,208.03999299999998,318.450012,405.75,347.559998
1230,12/3/20,208.119995,323.02999900000003,403.829987,348.679993
1231,12/4/20,213.72000099999997,323.269989,412.77999900000003,349.890015
1232,12/7/20,211.44999700000002,319.23999,403.73999,347.859985
1233,12/8/20,215.07000699999998,322.690002,409.27999900000003,347.859985
1234,12/9/20,209.75999500000003,318.440002,408.140015,344.410004
1235,12/10/20,204.690002,313.75,397.480011,339.649994
1236,12/11/20,200.179993,311.399994,391.130005,337.070007
1237,12/14/20,199.679993,310.100006,388.230011,336.130005
1238,12/15/20,204.03999299999998,313.22000099999997,392.329987,339.670013
1239,12/16/20,200.649994,310.23999,392.76001,339.339996
1240,12/17/20,203.649994,314.079987,396.339996,341.670013
1241,12/18/20,201.96000700000002,308.640015,391.619995,338.380005
1242,12/21/20,202.16000400000001,306.380005,389.01001,336.079987
1243,12/22/20,205.729996,303.299988,388.440002,335.01001
1244,12/23/20,208.490005,308.350006,405.089996,337.589996
1245,12/24/20,207.100006,308.670013,404.829987,340.790009
1246,12/28/20,206.520004,312.890015,410.190002,345.950012
1247,12/29/20,207.33999599999999,314.329987,408.049988,347.350006
1248,12/30/20,206.759995,314.049988,406.109985,344.98999
1249,12/31/20,212.67999300000002,321.089996,410.269989,350.679993
1250,1/4/21,216.080002,318.579987,412.190002,349.5
1251,1/5/21,215.94999700000002,315.100006,413.179993,344.799988
1252,1/6/21,235.729996,328.320007,437.829987,359.269989
1253,1/7/21,242.05000299999998,337.380005,447.69000199999994,365.02999900000003
1254,1/8/21,243.100006,337.079987,436.76998899999995,363.390015
1255,1/11/21,241.80000299999998,338.769989,433.540009,360.75
1256,1/12/21,237.88999900000002,334.77999900000003,422.47000099999997,357.369995
1257,1/13/21,228.58999599999999,330.429993,416.019989,355.040009
1258,1/14/21,223.75999500000003,322.519989,405.0,350.52999900000003
1259,1/15/21,220.74000499999997,326.420013,406.809998,351.299988
1260,1/19/21,219.100006,323.690002,407.309998,352.190002
1261,1/20/21,222.63000499999998,321.519989,411.339996,350.839996
1262,1/21/21,222.309998,321.700012,414.600006,355.0
1263,1/22/21,223.11999500000002,314.089996,405.179993,347.549988
1264,1/25/21,224.83999599999999,315.369995,404.0,347.809998
1265,1/26/21,219.32000699999998,312.519989,395.850006,343.109985
1266,1/27/21,216.92999300000002,290.170013,377.929993,332.98999
1267,1/28/21,218.47000099999997,300.51001,389.790009,338.149994
1268,1/29/21,213.61000099999998,296.980011,383.109985,333.579987
1269,2/1/21,214.11000099999998,292.559998,379.899994,334.0
1270,2/2/21,212.059998,298.98999,376.98999,338.72000099999997
1271,2/3/21,210.899994,298.359985,379.929993,337.890015
1272,2/4/21,206.649994,294.359985,385.089996,329.320007
1273,2/5/21,204.699997,290.850006,379.299988,324.51001
1274,2/8/21,202.53999299999998,287.700012,378.339996,324.339996
1275,2/9/21,206.009995,298.700012,382.589996,329.630005
1276,2/10/21,206.199997,298.170013,378.0,333.399994
