Date,MOH,ANTM,HUM,UNH
1/19/16,54.02,136.850006,164,112.580002
1/20/16,55.279999,137.490005,164.740005,114.790001
1/21/16,55.419998,138.779999,166.110001,113.5
1/22/16,56.299999,141.399994,166.220001,114.330002
1/25/16,54.509998,138.669998,163.289993,113.379997
1/26/16,55.700001,137.759995,164.660004,113.959999
1/27/16,54.389999,131.229996,161.300003,112.330002
1/28/16,53.66,126.419998,159.789993,111.379997
1/29/16,54.91,130.490005,162.789993,115.160004
2/1/16,54.400002,129.720001,167.580002,115.889999
2/2/16,53.84,127.010002,166.869995,113.879997
2/3/16,53.950001,126.830002,166.779999,112.75
2/4/16,55.43,126.639999,168.649994,114.199997
2/5/16,52.259998,123.379997,164.779999,111.720001
2/8/16,51.130001,117.220001,156.960007,110.019997
2/9/16,51.48,119.82,159.529999,111.160004
2/10/16,51.48,121.470001,161.070007,112.739998
2/11/16,54.549999,119.980003,158.020004,110.620003
2/12/16,55.889999,121.550003,160.369995,111.82
2/16/16,58.099998,124.830002,166.639999,115.150002
2/17/16,59.220001,127.559998,168.309998,118.300003
2/18/16,60.400002,128.020004,167.75,117.449997
2/19/16,59.580002,127.230003,165.339996,117.68
2/22/16,62.689999,132.169998,171.75,121.269997
2/23/16,62.279999,131.270004,172.830002,121.150002
2/24/16,62.380001,130.75,172.289993,120.199997
2/25/16,63.369999,132.229996,176.600006,121.199997
2/26/16,62.66,132.5,178.710007,121.330002
2/29/16,62.040001,130.690002,176.970001,119.099998
3/1/16,63.740002,131.800003,181.229996,121.669998
3/2/16,64.010002,134.089996,182.699997,121.269997
3/3/16,64.860001,132.970001,183.220001,121.82
3/4/16,63.93,132.350006,183.25,121.800003
3/7/16,64.529999,133.199997,184.25,121.760002
3/8/16,63.080002,132.479996,182.520004,121.660004
3/9/16,63.73,134.539993,184.429993,121.099998
3/10/16,63.889999,137.809998,184.759995,122.089996
3/11/16,66.239998,143.100006,186.910004,125.099998
3/14/16,65.599998,144.169998,186.330002,125.220001
3/15/16,63.970001,142.309998,183.910004,124.849998
3/16/16,64.839996,143.509995,183.389999,124.900002
3/17/16,64.190002,140.350006,182.539993,124.529999
3/18/16,64.480003,142.679993,184.600006,126.720001
3/21/16,63.259998,140,183.729996,126.739998
3/22/16,63.34,140.869995,184.360001,128.020004
3/23/16,62.919998,139.5,183.589996,129.789993
3/24/16,63.34,139.970001,184.070007,128.589996
3/28/16,63.290001,139.559998,182.929993,128.919998
3/29/16,65.300003,140.279999,185.759995,129.830002
3/30/16,64.260002,139.970001,184.889999,129.679993
3/31/16,64.489998,138.990005,182.949997,128.899994
4/1/16,64.910004,141.850006,184.740005,129.919998
4/4/16,64.449997,147.259995,185.470001,129.490005
4/5/16,63.169998,143.339996,181.029999,127.040001
4/6/16,64.269997,144.869995,180.350006,128.029999
4/7/16,62.91,143.419998,172.580002,126.870003
4/8/16,62.790001,143.740005,171.029999,125.68
4/11/16,60.509998,140.899994,167.460007,126.330002
4/12/16,61.02,142.869995,170.410004,126.800003
4/13/16,62.029999,143.550003,169.960007,127.760002
4/14/16,61.279999,143.210007,168.240005,127.980003
4/15/16,61.220001,142.910004,169.869995,127.330002
4/18/16,61.720001,142.589996,171.720001,127.809998
4/19/16,62.43,144.399994,174.770004,130.5
4/20/16,63.740002,145.520004,174.5,133.929993
4/21/16,63.419998,145.910004,173.449997,132.960007
4/22/16,65.059998,147.520004,175.300003,134.130005
4/25/16,65.480003,146.089996,176.110001,133.779999
4/26/16,67.720001,147.070007,178.479996,134.240005
4/27/16,65.220001,144.759995,177.559998,132.800003
4/28/16,64.220001,144,177.869995,132.070007
4/29/16,51.759998,140.770004,177.070007,131.679993
5/2/16,49.790001,140.479996,177.610001,132.100006
5/3/16,47.959999,141.419998,176.929993,132.460007
5/4/16,46.23,138.729996,175.699997,132.029999
5/5/16,45.369999,137.070007,174.110001,132.309998
5/6/16,45.490002,137.25,170.679993,132.039993
5/9/16,47.169998,138.440002,171.279999,132.669998
5/10/16,46.959999,140.160004,173.539993,133.570007
5/11/16,46.619999,139.570007,170.059998,130.690002
5/12/16,46.720001,136.080002,165.809998,129.740005
5/13/16,46.740002,135.509995,165.229996,129
5/16/16,46.68,137.229996,171.520004,130.639999
5/17/16,46.049999,136.210007,170.800003,129.559998
5/18/16,45.799999,136.080002,170.220001,130.509995
5/19/16,45.34,133.789993,168.330002,130
5/20/16,46.009998,135.729996,169.600006,130.940002
5/23/16,46.77,133.179993,169.589996,130.419998
5/24/16,47.119999,128.479996,170.779999,132.589996
5/25/16,48.450001,130.960007,174.699997,133.419998
5/26/16,47.889999,129.610001,174.25,132.979996
5/27/16,48.560001,130.699997,173.740005,134
5/31/16,48.43,132.160004,172.509995,133.669998
6/1/16,49.290001,132.509995,177.399994,134.529999
6/2/16,50.490002,133.289993,187.360001,136.039993
6/3/16,50.490002,131.839996,186.199997,136.839996
6/6/16,51.43,132.440002,189.380005,138.149994
6/7/16,51.029999,132.910004,188.399994,136.940002
6/8/16,51.939999,134.199997,188,140.399994
6/9/16,51.869999,133.75,188.350006,140.679993
6/10/16,50.73,131.520004,186.759995,139.240005
6/13/16,50.490002,130.679993,184.690002,138.089996
6/14/16,50.009998,130.520004,185.690002,137.869995
6/15/16,50.48,130.610001,185.550003,137.259995
6/16/16,50.869999,132.279999,187.039993,138.660004
6/17/16,51.009998,132.339996,187.149994,137.690002
6/20/16,52,132.720001,189.899994,138.520004
6/21/16,51.27,131.449997,190.070007,138.190002
6/22/16,50.990002,128.720001,187.669998,137.899994
6/23/16,51.200001,128.669998,187.309998,139.190002
6/24/16,50.299999,126.379997,182.899994,137.289993
6/27/16,49.02,124.849998,176.940002,137.110001
6/28/16,49.740002,127.050003,182.949997,138.710007
6/29/16,50.66,131.479996,183.649994,140.520004
6/30/16,49.900002,131.339996,179.880005,141.199997
7/1/16,49.830002,131.669998,174,140.860001
7/5/16,48.240002,130.839996,177.210007,141.559998
7/6/16,48.669998,132.119995,179.979996,142.380005
7/7/16,48.959999,129.440002,162.740005,140.800003
7/8/16,50.209999,132.149994,158.149994,141.270004
7/11/16,50.900002,131.559998,154,140.320007
7/12/16,51.150002,131.880005,154.710007,139.860001
7/13/16,52,133.740005,161.300003,141.479996
7/14/16,52,133.910004,161.270004,140.839996
7/15/16,52.009998,134.309998,158.889999,141.330002
7/18/16,52.509998,135,159.639999,140.75
7/19/16,52.110001,132.059998,153.380005,142.589996
7/20/16,52.650002,135.470001,158.410004,143.020004
7/21/16,52.810001,139,171.529999,142.869995
7/22/16,53.040001,142.940002,176.050003,143.690002
7/25/16,52.82,139.979996,173.009995,141.729996
7/26/16,51.959999,137.589996,173.960007,141.699997
7/27/16,50.59,133.860001,172.070007,141.679993
7/28/16,57.209999,132.899994,172.210007,142.759995
7/29/16,56.810001,131.339996,172.550003,143.199997
8/1/16,56.16,127.610001,171.179993,143.509995
8/2/16,57.02,125.559998,169.570007,143.169998
8/3/16,58.57,127.870003,173.479996,142.880005
8/4/16,58,126.82,173.830002,142.710007
8/5/16,58.790001,127.860001,178.960007,142.990005
8/8/16,58.290001,127.739998,177.649994,142.130005
8/9/16,58.189999,128.449997,177.130005,141.820007
8/10/16,57.790001,128.149994,179.699997,142.190002
8/11/16,57.709999,128.199997,180.089996,142.630005
8/12/16,57.849998,130.190002,180.860001,142.880005
8/15/16,57.580002,129.289993,179.630005,141.619995
8/16/16,57.400002,129.330002,179.630005,141.080002
8/17/16,55.759998,129.539993,178.880005,141.710007
8/18/16,56.189999,129.429993,179.479996,142.169998
8/19/16,56.139999,129.520004,178,142.039993
8/22/16,56.169998,129.720001,180.419998,142.089996
8/23/16,56.209999,129.119995,179.860001,142.009995
8/24/16,55.290001,127.610001,179.309998,139.869995
8/25/16,54.700001,127.110001,177.289993,137.300003
8/26/16,54.139999,124.940002,177.380005,136.619995
8/29/16,54.099998,124.18,176.929993,137.270004
8/30/16,54.32,125.419998,178.470001,136.869995
8/31/16,53.810001,125.080002,178.710007,136.050003
9/1/16,53.540001,123.360001,176.529999,135.740005
9/2/16,55.330002,124.239998,177.330002,136.610001
9/6/16,55,124.290001,176.779999,135.970001
9/7/16,56.939999,125.849998,176.160004,134.990005
9/8/16,57.09,127.669998,176.419998,135.440002
9/9/16,56.290001,126.889999,176.5,133.619995
9/12/16,56.43,128.580002,176.779999,135.529999
9/13/16,54.810001,124.57,175.789993,133.949997
9/14/16,54.689999,123.290001,174.990005,133.690002
9/15/16,55.490002,124.339996,174.779999,135.610001
9/16/16,55.740002,125.519997,174.619995,138.470001
9/19/16,57.060001,126.32,174.580002,137.679993
9/20/16,56.84,125.760002,174.520004,137.470001
9/21/16,58.41,128.589996,175.850006,139.910004
9/22/16,58.880001,128.419998,175.990005,141.039993
9/23/16,58.720001,126.559998,175.550003,140.509995
9/26/16,57.560001,125.080002,175.309998,139.720001
9/27/16,58.09,126.300003,177.220001,140.789993
9/28/16,58.189999,127.370003,176.580002,140.410004
9/29/16,57.299999,124.93,175.820007,138.320007
9/30/16,58.32,125.309998,176.889999,140
10/3/16,56.73,122.900002,176.630005,138.490005
10/4/16,56.490002,122.440002,177.220001,138.160004
10/5/16,57.110001,122.07,177.800003,137.600006
10/6/16,57.369999,122.349998,177.229996,136.470001
10/7/16,57.009998,121.900002,177.740005,136.660004
10/10/16,58.950001,124.800003,178.509995,138.080002
10/11/16,57.529999,121.900002,177.529999,134.75
10/12/16,56.98,120.849998,168.440002,135.100006
10/13/16,56.110001,121,169.479996,134.190002
10/14/16,55.98,121.089996,170.820007,133.919998
10/17/16,55.939999,118.279999,169.889999,134.130005
10/18/16,57.689999,123.150002,173.270004,143.389999
10/19/16,58.470001,123.830002,173.899994,144.369995
10/20/16,58.240002,124.029999,174.550003,145.070007
10/21/16,59.5,123.5,175.880005,145.369995
10/24/16,59.599998,124.489998,176.270004,144.690002
10/25/16,59.419998,124.5,174.860001,143.779999
10/26/16,58.02,124.169998,174.649994,142.229996
10/27/16,57.700001,123.489998,174.190002,141.940002
10/28/16,54.59,121.620003,171.059998,140.350006
10/31/16,54.41,121.860001,171.529999,141.330002
11/1/16,53.939999,117.419998,168.660004,139.429993
11/2/16,53.860001,122.989998,168.190002,138.979996
11/3/16,53.009998,120.029999,165.309998,137.830002
11/4/16,53.82,119.290001,167.419998,137.710007
11/7/16,57.5,123.489998,174.910004,141.929993
11/8/16,58.759998,126.839996,179.029999,142.899994
11/9/16,49.490002,128.75,186,141.899994
11/10/16,50.380001,133.860001,192.880005,146.130005
11/11/16,47.529999,133.679993,193.190002,146.419998
11/14/16,49.93,138.600006,198.839996,152.279999
11/15/16,51.34,138.419998,198.820007,152.229996
11/16/16,51.91,138.389999,200.470001,151.5
11/17/16,52.310001,137.880005,202.059998,150.770004
11/18/16,52.32,135.350006,200.160004,149.449997
11/21/16,52.43,137.360001,199.990005,150.410004
11/22/16,52,141.309998,205.710007,152.259995
11/23/16,52.560001,143.619995,207.929993,153.539993
11/25/16,52.599998,144.740005,207.880005,152.809998
11/28/16,52.41,143.240005,208,152.110001
11/29/16,53.59,145.279999,210,157.589996
11/30/16,52.860001,142.529999,212.639999,158.320007
12/1/16,52.689999,145.169998,216.759995,160.940002
12/2/16,53.25,145.100006,213.630005,160.729996
12/5/16,53.349998,144.089996,208.830002,157.630005
12/6/16,53.68,143.550003,204.300003,157.320007
12/7/16,53.599998,145.199997,203,159.399994
12/8/16,54.700001,146.610001,206.699997,159.320007
12/9/16,54.139999,145.880005,203.289993,160.119995
12/12/16,52.919998,145.789993,202.929993,159.490005
12/13/16,54.689999,146.580002,204.570007,160.539993
12/14/16,54.389999,144.690002,205.240005,159.860001
12/15/16,53.509998,143.669998,204.649994,160.619995
12/16/16,54.380001,145.460007,205.639999,163.940002
12/19/16,54.669998,144.880005,200.410004,161.539993
12/20/16,54.73,147.660004,200.25,161.589996
12/21/16,54.639999,144.979996,199.800003,161.330002
12/22/16,54.099998,144.580002,202.929993,161.580002
12/23/16,54.959999,146.020004,205.529999,163.029999
12/27/16,55.110001,145.679993,206.059998,162.639999
12/28/16,55.400002,144.259995,204.600006,161.440002
12/29/16,54.490002,144.759995,202.919998,161.039993
12/30/16,54.259998,143.770004,204.029999,160.039993
1/3/17,53.59,143.240005,197.610001,161.449997
1/4/17,55.52,143.050003,197.779999,161.910004
1/5/17,56.470001,144.570007,200.729996,162.179993
1/6/17,57.09,144.350006,201.729996,162.410004
1/9/17,56.77,142.789993,202.990005,161.949997
1/10/17,57.970001,146.339996,200.949997,161.580002
1/11/17,58.869999,145.830002,203.479996,161.889999
1/12/17,58.52,148.190002,205.25,162.360001
1/13/17,58.470001,148.529999,202.919998,161.800003
1/17/17,58.639999,146.75,204.039993,160.660004
1/18/17,59.040001,147.220001,206.110001,157.740005
1/19/17,58.759998,148.110001,206,158.699997
1/20/17,59.68,150.630005,200.529999,158.660004
1/23/17,57.490002,150.160004,205.020004,159.070007
1/24/17,56.599998,150.229996,199.940002,160.429993
1/25/17,56.93,153.710007,201.740005,161.240005
1/26/17,56.59,152.399994,200.130005,162.75
1/27/17,57.400002,153.350006,201.660004,162.990005
1/30/17,55.959999,154.179993,199.259995,162.089996
1/31/17,56.720001,154.139999,198.5,162.100006
2/1/17,57.419998,160.789993,198.479996,162.710007
2/2/17,57.740002,157.660004,199.389999,160.759995
2/3/17,58,159.080002,198.240005,161.869995
2/6/17,57.73,156.809998,196.470001,160.509995
2/7/17,57.75,158.589996,195.240005,160.529999
2/8/17,57.689999,158.600006,199.639999,160.309998
2/9/17,58.880001,161.679993,207.029999,160.440002
2/10/17,59.860001,162.320007,205.429993,160.75
2/13/17,59.240002,163.520004,206.699997,161.990005
2/14/17,59.389999,163.320007,205.970001,163.130005
2/15/17,59.889999,162.690002,205.320007,164.289993
2/16/17,49.18,163.770004,208.740005,163.649994
2/17/17,48.23,160.25,204.600006,157.619995
2/21/17,49.470001,164.220001,205.339996,160.570007
2/22/17,49.57,163.270004,205.699997,160.570007
2/23/17,49.790001,163.919998,205.009995,162.600006
2/24/17,48.830002,163.830002,207.279999,163.059998
2/27/17,48.799999,164.910004,208.75,165.380005
2/28/17,48.509998,164.820007,211.25,165.380005
3/1/17,49.400002,166.970001,213.990005,167.940002
3/2/17,49.990002,165.970001,212.570007,167.309998
3/3/17,49.990002,166,213.970001,168.199997
3/6/17,49.299999,165.839996,212.740005,168.699997
3/7/17,48.52,166.009995,217.949997,168.300003
3/8/17,48.48,165.649994,217.449997,167.910004
3/9/17,46.900002,166.179993,217.789993,168.009995
3/10/17,45.73,166.410004,217.929993,169.979996
3/13/17,45.279999,167.240005,219.179993,170.210007
3/14/17,44.23,165.179993,218,169.059998
3/15/17,45.040001,169.199997,219.080002,171.779999
3/16/17,45.16,168.419998,219.25,171.300003
3/17/17,45.860001,168.270004,218.899994,169.699997
3/20/17,44.540001,167.589996,215.399994,168
3/21/17,44.009998,166.990005,213.550003,167.699997
3/22/17,43.790001,166.440002,213.330002,167.029999
3/23/17,42.700001,165.380005,209.910004,165.289993
3/24/17,44.68,162.75,207.270004,165
3/27/17,45.91,162.190002,203.479996,164.600006
3/28/17,45.740002,164.600006,206.630005,165.350006
3/29/17,45.16,164.979996,206.029999,163.440002
3/30/17,45.799999,167.080002,206.869995,164.990005
3/31/17,45.599998,165.380005,206.139999,164.009995
4/3/17,47.32,166.490005,209.770004,165.589996
4/4/17,46.060001,165.699997,211.050003,164.970001
4/5/17,46.099998,164.75,210.070007,165.369995
4/6/17,46.82,165.919998,212.600006,165.339996
4/7/17,46.470001,166.259995,210.75,166.020004
4/10/17,47.07,167.440002,212.580002,165.479996
4/11/17,47.849998,167.429993,212.899994,165.830002
4/12/17,47.259998,166.429993,212.990005,165.559998
4/13/17,47.669998,164.990005,211.800003,164.960007
4/17/17,47.830002,166.940002,212.770004,167.179993
4/18/17,47.639999,166.369995,211.699997,168.589996
4/19/17,48.049999,166.789993,213.110001,169.25
4/20/17,47.860001,168.070007,214.240005,171.539993
4/21/17,47.810001,167.800003,213.669998,171.160004
4/24/17,48.459999,168.410004,213.759995,172.330002
4/25/17,49.18,172.460007,217.970001,174.039993
4/26/17,48.57,179.029999,219.350006,174.380005
4/27/17,48.630001,178.300003,218.669998,174.630005
4/28/17,49.790001,177.889999,221.979996,174.880005
5/1/17,50.799999,179.199997,223.369995,174.589996
5/2/17,59.75,181.270004,225.600006,174.139999
5/3/17,64.150002,179.940002,224.020004,172.539993
5/4/17,64.93,179.889999,228.850006,174.020004
5/5/17,66.43,180.300003,229.759995,174.119995
5/8/17,67.440002,179.830002,229.25,174.440002
5/9/17,67.110001,177.729996,230.589996,173.240005
5/10/17,68.160004,180.130005,230.800003,173.389999
5/11/17,66.540001,182.720001,230.729996,173.320007
5/12/17,67.129997,181.440002,231.990005,171.809998
5/15/17,67.559998,182.300003,231.110001,171.529999
5/16/17,67.870003,180.809998,226.199997,168.119995
5/17/17,66.519997,176.119995,224.919998,168.860001
5/18/17,67,176.690002,228.809998,171.449997
5/19/17,67.379997,176.410004,227.889999,172.589996
5/22/17,66.839996,176.5,230.300003,174.699997
5/23/17,66.599998,177.710007,229.279999,175.220001
5/24/17,66.589996,180.080002,231.610001,175.589996
5/25/17,67.080002,181.5,232.229996,178.050003
5/26/17,66.870003,183.080002,232.25,177.5
5/30/17,66.300003,183.320007,230.369995,176.589996
5/31/17,64.57,182.350006,232.259995,175.179993
6/1/17,66.68,187.690002,235,179.580002
6/2/17,66.220001,187.580002,234.210007,179.389999
6/5/17,66.629997,186.690002,232.759995,179.369995
6/6/17,68.019997,187.649994,233.5,180.820007
6/7/17,67.580002,188.330002,233.75,183.210007
6/8/17,68.330002,187.589996,230.259995,181.690002
6/9/17,68.220001,186.919998,229.690002,181.460007
6/12/17,67.339996,186.740005,228.100006,179.25
6/13/17,68.059998,187.160004,231.949997,181.050003
6/14/17,69.220001,188.770004,231.710007,182.360001
6/15/17,68.400002,188.75,232.410004,180.380005
6/16/17,68.790001,189.960007,234.460007,181.630005
6/19/17,69.639999,192.740005,235.490005,183.020004
6/20/17,69.68,192,232.970001,183.270004
6/21/17,69.730003,192.070007,236.210007,184.919998
6/22/17,71.309998,193.360001,237,186.5
6/23/17,71.330002,190.169998,238.419998,185.25
6/26/17,71.099998,188.149994,234.75,185.119995
6/27/17,70.290001,187.410004,237.070007,184.600006
6/28/17,70.440002,187.919998,239.759995,185.699997
6/29/17,69.580002,187.169998,239.339996,185.270004
6/30/17,69.18,188.130005,240.619995,185.419998
7/3/17,68.690002,189.600006,238.949997,186.649994
7/5/17,69.25,191.25,242.320007,188.25
7/6/17,69.139999,190.279999,238.460007,186.940002
7/7/17,69.940002,191.610001,238.229996,187.960007
7/10/17,69.910004,192.119995,239.039993,186.949997
7/11/17,70.120003,192.100006,239.039993,185.949997
7/12/17,71.150002,193.539993,239.220001,186.690002
7/13/17,71.150002,192.550003,238.059998,185.479996
7/14/17,70.199997,192.559998,239.089996,186.899994
7/17/17,70.260002,192.089996,237.559998,186.350006
7/18/17,70.550003,189.449997,235.059998,186.850006
7/19/17,71.089996,190.289993,236.229996,189.190002
7/20/17,72.050003,190.690002,235.830002,191.5
7/21/17,71.150002,190.649994,235.919998,191.779999
7/24/17,70.599998,191,235.5,190.889999
7/25/17,69.68,190.580002,234.910004,190.399994
7/26/17,69.709999,184.990005,233.5,190.75
7/27/17,68.709999,183.520004,232.600006,188.929993
7/28/17,70,187.789993,233.080002,191.149994
7/31/17,66.800003,186.210007,231.199997,191.809998
8/1/17,66.900002,186.669998,230.770004,192.229996
8/2/17,66.239998,188.949997,241.089996,193
8/3/17,62.32,191.440002,248.839996,194.770004
8/4/17,59.799999,190.479996,245.929993,194.880005
8/7/17,58.59,190.610001,249.619995,194.779999
8/8/17,58.599998,191.979996,250.220001,194.899994
8/9/17,58.27,192.850006,254.960007,194.830002
8/10/17,57.529999,189.720001,251.669998,192.570007
8/11/17,58.049999,189.429993,249.990005,193.020004
8/14/17,57.560001,191.309998,250.25,193.710007
8/15/17,57.029999,192.990005,246.830002,194.5
8/16/17,56.779999,193.350006,247.360001,193.770004
8/17/17,59.509998,191.960007,247.660004,192.699997
8/18/17,59.630001,191.020004,247.279999,190.820007
8/21/17,59.98,192.970001,249.360001,192.029999
8/22/17,60.540001,194.949997,253.279999,194.789993
8/23/17,60.509998,195.229996,251.990005,194.240005
8/24/17,61.299999,192.899994,251.850006,194.75
8/25/17,62.029999,192.679993,253,194.360001
8/28/17,63.18,193.479996,255.070007,195.089996
8/29/17,63.5,193.830002,255.669998,196.729996
8/30/17,62.91,191.5,254.240005,195.880005
8/31/17,64,196.039993,257.619995,198.899994
9/1/17,64.25,197.429993,258.75,199.75
9/5/17,65.419998,197.179993,257.549988,199.309998
9/6/17,64.650002,193.649994,256.880005,198.380005
9/7/17,64.970001,192.639999,256.529999,198.169998
9/8/17,65.040001,193.850006,256.559998,197.75
9/11/17,65.879997,195.949997,257.209991,199.580002
9/12/17,65.739998,189.240005,255.100006,197.470001
9/13/17,66.07,189.720001,251.539993,198.330002
9/14/17,66.139999,186.75,250.649994,197.729996
9/15/17,66.620003,186.589996,249.279999,198.179993
9/18/17,66,185,248.449997,198.190002
9/19/17,62.119999,181.440002,240.039993,194.649994
9/20/17,62.580002,183.490005,239.679993,195.75
9/21/17,62.509998,183.5,238.639999,195.210007
9/22/17,65.32,182.860001,239.089996,193.029999
9/25/17,64.540001,181.5,237.210007,191.75
9/26/17,65.589996,184.279999,239.210007,192.699997
9/27/17,66.540001,186.449997,238.869995,194.490005
9/28/17,67.589996,189.779999,242.75,196.100006
9/29/17,68.760002,189.880005,243.630005,195.850006
10/2/17,68.510002,191.110001,245,197.440002
10/3/17,67.400002,193.229996,247.389999,198.630005
10/4/17,67.019997,193.419998,246.509995,200.479996
10/5/17,67.370003,192.919998,245.360001,197.899994
10/6/17,67.860001,193.220001,246.899994,198.059998
10/9/17,66.660004,190.740005,240.410004,196.300003
10/10/17,65.160004,188.639999,240.490005,194.679993
10/11/17,63.580002,189.889999,240.380005,195.259995
10/12/17,63.419998,189.740005,241.440002,192.919998
10/13/17,61.279999,183.830002,237.729996,192.520004
10/16/17,59.860001,183.759995,237.169998,193.199997
10/17/17,61.540001,187.259995,240.429993,203.889999
10/18/17,63.09,191.789993,241.309998,205.229996
10/19/17,63.639999,193.199997,242.690002,203.25
10/20/17,64.400002,194.690002,245.809998,207.490005
10/23/17,66.25,195.639999,246.130005,207.009995
10/24/17,66.239998,195.25,246.490005,208.149994
10/25/17,66.629997,205.710007,248.360001,207.559998
10/26/17,65.529999,206.910004,251.520004,209.149994
10/27/17,67.139999,211.339996,258.970001,212.600006
10/30/17,66.660004,209.460007,255.660004,209.389999
10/31/17,67.830002,209.210007,255.350006,210.220001
11/1/17,68.18,209.529999,255.479996,209.529999
11/2/17,69,210.589996,256.350006,211.100006
11/3/17,79.18,211.800003,256.690002,212.869995
11/6/17,78.980003,216.300003,254.479996,212.119995
11/7/17,77.529999,217.470001,256.309998,212.699997
11/8/17,76.559998,216.869995,243.479996,210.770004
11/9/17,76.599998,215.979996,247.460007,211.559998
11/10/17,76.900002,218.270004,244.389999,211.070007
11/13/17,77.910004,218.460007,240.940002,212.660004
11/14/17,78.050003,218.449997,239.559998,211.710007
11/15/17,76.199997,218.199997,233.279999,209.860001
11/16/17,75.699997,220.889999,235.910004,211.130005
11/17/17,74.790001,220.830002,233.460007,209.899994
11/20/17,75.040001,219.5,233.479996,210.25
11/21/17,74.910004,220.020004,236.419998,212.600006
11/22/17,75.459999,220.419998,238.300003,211.220001
11/24/17,75.080002,220.389999,240.509995,212.509995
11/27/17,75.080002,220.029999,243.559998,212.399994
11/28/17,74.989998,222.279999,244.220001,216.139999
11/29/17,77.370003,227.309998,250.130005,222.880005
11/30/17,78.239998,234.960007,260.859985,228.169998
12/1/17,78.110001,232.339996,258.529999,226.779999
12/4/17,77.480003,224.949997,252.279999,221.419998
12/5/17,76.510002,223.490005,253.339996,220.089996
12/6/17,74.290001,222.710007,250.300003,219.940002
12/7/17,74.459999,223.639999,253.899994,220.149994
12/8/17,75.110001,224.850006,256.48999,223.910004
12/11/17,73.830002,226.020004,253.029999,222.770004
12/12/17,74.080002,228.75,254.639999,222.490005
12/13/17,75.089996,232.059998,256.23999,224.350006
12/14/17,74.57,227.119995,250.610001,221.25
12/15/17,76.269997,226.210007,253.639999,221.820007
12/18/17,76.660004,227.020004,246.380005,222.669998
12/19/17,76.510002,227.990005,245.160004,222.039993
12/20/17,78.400002,227.919998,245.160004,222.380005
12/21/17,75.279999,225.080002,243.580002,221.690002
12/22/17,74.029999,225.600006,245,220
12/26/17,75.860001,225.429993,246.25,219.600006
12/27/17,77.419998,225.240005,248.149994,220.419998
12/28/17,77.900002,227.039993,249.009995,222.770004
12/29/17,76.68,225.009995,248.070007,220.460007
1/2/18,78,226,251.639999,221.160004
1/3/18,77.169998,229.149994,251.279999,223.479996
1/4/18,77.639999,230.210007,258.359985,224.449997
1/5/18,80.589996,234.339996,264.329987,228.729996
1/8/18,82.730003,231.820007,258.549988,224.759995
1/9/18,85.660004,234.660004,263.079987,225.880005
1/10/18,85.059998,233.889999,263.100006,224.199997
1/11/18,84.410004,235,265.209991,225.389999
1/12/18,85.82,239.820007,268.019989,228.639999
1/16/18,89.629997,241.75,270.170013,232.899994
1/17/18,91.970001,249.149994,275.75,238.429993
1/18/18,93.769997,249.649994,279.440002,243.160004
1/19/18,91.830002,250.059998,279.299988,243.350006
1/22/18,91.970001,250.5,281.869995,243.559998
1/23/18,92.269997,250.5,282.859985,245.210007
1/24/18,92,252.990005,286.320007,244.850006
1/25/18,92.059998,251.350006,285.910004,245.179993
1/26/18,92.489998,258.190002,288.290009,248.470001
1/29/18,91.790001,257.019989,291.230011,247.410004
1/30/18,91.029999,243.440002,282.290009,236.649994
1/31/18,91.360001,247.850006,281.829987,236.779999
2/1/18,91.480003,243.929993,279.769989,235.220001
2/2/18,90.629997,239.179993,276.5,231.880005
2/5/18,87.589996,230.449997,267.100006,220.020004
2/6/18,82.43,234.830002,269.119995,225.179993
2/7/18,81.660004,238.440002,264.899994,225.820007
2/8/18,77.989998,230.570007,262.369995,216.460007
2/9/18,78.440002,231.710007,265.320007,220.960007
2/12/18,78.389999,232.770004,267.049988,225.690002
2/13/18,75.459999,233.449997,268.070007,226.639999
2/14/18,73.25,235.020004,267.470001,228.779999
2/15/18,72.599998,232.059998,267.450012,226.020004
2/16/18,72.120003,235.020004,269,229.369995
2/20/18,71.860001,232.220001,267.329987,226.660004
2/21/18,71.139999,232.029999,266.380005,225.130005
2/22/18,71.559998,233.679993,267.809998,227.089996
2/23/18,72.940002,235.240005,271.190002,230.160004
2/26/18,74,238.220001,274.579987,234.059998
2/27/18,73.07,237.210007,276.920013,232.520004
2/28/18,72.300003,235.380005,271.820007,226.160004
3/1/18,71.879997,232.039993,269.720001,224.449997
3/2/18,72.989998,233.080002,269.799988,225.190002
3/5/18,74.089996,232.039993,270.589996,228.380005
3/6/18,73.989998,232.75,273.109985,226.179993
3/7/18,74.75,231.860001,273.290009,227.270004
3/8/18,74.75,228.789993,269.519989,224.729996
3/9/18,75.489998,232.800003,272.5,225.429993
3/12/18,75.809998,229.860001,268.209991,222.770004
3/13/18,76.139999,230.220001,269.980011,226.940002
3/14/18,76.230003,229.029999,270.5,225.380005
3/15/18,75.870003,230,271.089996,229.479996
3/16/18,76.830002,228.110001,272.730011,227.860001
3/19/18,76.860001,227.990005,269.980011,225.050003
3/20/18,77.879997,229.979996,273.600006,226.779999
3/21/18,78.290001,225.990005,270.809998,222.820007
3/22/18,77,218.850006,265.720001,215.210007
3/23/18,74.599998,215.630005,261.600006,212.550003
3/26/18,76.660004,221.080002,268.100006,219.070007
3/27/18,77.75,219.440002,267.649994,217.960007
3/28/18,79.089996,221.479996,267.549988,218.5
3/29/18,81.18,219.699997,268.829987,214
4/2/18,78.760002,220.130005,280.700012,217.199997
4/3/18,79.769997,227.509995,282.470001,224.580002
4/4/18,80.720001,228.419998,286.98999,228.789993
4/5/18,82.660004,230.729996,287.290009,229.070007
4/6/18,80.669998,224.779999,283.730011,223.960007
4/9/18,80.870003,222.869995,285,222.729996
4/10/18,82.099998,224.949997,286.839996,226.789993
4/11/18,80.709999,220.320007,282.279999,221.899994
4/12/18,81.32,220.460007,285.559998,224.240005
4/13/18,81.440002,222.020004,287.619995,224.279999
4/16/18,83.129997,225.270004,289.950012,230.320007
4/17/18,84.68,229.520004,296.290009,238.550003
4/18/18,85.239998,230.649994,298.299988,236.399994
4/19/18,84.849998,227.669998,295,235.759995
4/20/18,85.300003,226.070007,294.119995,235.059998
4/23/18,85.309998,227.199997,294.5,234.339996
4/24/18,84.690002,225,293.950012,234.220001
4/25/18,83.660004,238.839996,297.390015,234.899994
4/26/18,83.599998,237,296.230011,237.029999
4/27/18,84.910004,239.149994,296.890015,240.179993
4/30/18,83.25,235.990005,294.179993,236.399994
5/1/18,82.410004,235.529999,295.190002,236.850006
5/2/18,82.879997,229.179993,287.670013,233.460007
5/3/18,83.830002,230.770004,286.679993,234.149994
5/4/18,83.919998,233.179993,287.390015,235.899994
5/7/18,82.540001,229.259995,283.769989,233.779999
5/8/18,82.379997,224.100006,278.809998,232.029999
5/9/18,81.959999,221.770004,273.25,229.210007
5/10/18,83.099998,225.669998,281.899994,233.710007
5/11/18,83.800003,232.050003,284.720001,238.279999
5/14/18,85.050003,232.309998,289.630005,242.899994
5/15/18,85.080002,230.869995,290.410004,239.5
5/16/18,84.82,232.399994,289.820007,241.720001
5/17/18,87.089996,231.789993,290.920013,242.960007
5/18/18,87.599998,231.869995,292.869995,244.639999
5/21/18,86.470001,233.649994,294.640015,247.899994
5/22/18,84.540001,233.929993,292.390015,245.179993
5/23/18,84.889999,232.059998,291.890015,244.259995
5/24/18,84.290001,230.619995,293.690002,242.729996
5/25/18,87.230003,232.389999,294.410004,244.949997
5/29/18,87.040001,229.289993,292.359985,242.169998
5/30/18,87.82,231.580002,296.380005,244.940002
5/31/18,84.93,221.419998,290.980011,241.509995
6/1/18,85.18,221.5,289.679993,243.350006
6/4/18,84.970001,225.240005,294.140015,244.630005
6/5/18,85.639999,227.869995,293.940002,244.429993
6/6/18,86.389999,227.860001,295.329987,248.649994
6/7/18,86.690002,229.589996,296.399994,248.979996
6/8/18,87.669998,228.300003,297.890015,250.679993
6/11/18,90.839996,232.330002,301.48999,253.779999
6/12/18,95.160004,231.679993,305.910004,253.580002
6/13/18,95.870003,236.300003,306.410004,252.869995
6/14/18,96.239998,241.740005,304.429993,255.330002
6/15/18,95.440002,245.160004,306.950012,255.979996
6/18/18,96.540001,244.039993,305.100006,254.869995
6/19/18,96.860001,244.490005,299.809998,253.020004
6/20/18,98,243.949997,300.25,252.809998
6/21/18,98.68,243.080002,298.670013,251.889999
6/22/18,101.480003,244.820007,299.980011,254.369995
6/25/18,101.18,243.339996,299.829987,250.710007
6/26/18,99.410004,241.270004,296.790009,249.770004
6/27/18,98.059998,240.539993,298.790009,248.169998
6/28/18,98.519997,239.270004,296.98999,244.899994
6/29/18,97.940002,238.029999,297.630005,245.339996
7/2/18,98.709999,238.270004,298.799988,247.479996
7/3/18,99.489998,238.729996,300.850006,246.979996
7/5/18,100.389999,240.050003,306.160004,250.5
7/6/18,100.480003,242.149994,309.019989,250.759995
7/9/18,103.68,248.690002,313.070007,253.669998
7/10/18,104.389999,249.520004,312.429993,255.539993
7/11/18,105.389999,249.580002,315.929993,254.589996
7/12/18,106.830002,250.580002,315.709991,256.049988
7/13/18,106.940002,250.509995,317.119995,258.700012
7/16/18,105.989998,248.279999,315.679993,256.980011
7/17/18,105.870003,246.029999,313.890015,250.289993
7/18/18,106.239998,248.630005,317.01001,255.419998
7/19/18,105.589996,248.639999,318.399994,252.929993
7/20/18,106.150002,248.520004,317.809998,252.699997
7/23/18,106.919998,248.830002,317.859985,252.740005
7/24/18,105.93,246.080002,314.959991,253.759995
7/25/18,106.379997,247.929993,316.570007,254.860001
7/26/18,106.760002,247.080002,319.109985,257
7/27/18,104.669998,249.479996,315.100006,255.949997
7/30/18,102.739998,252.210007,313,253.839996
7/31/18,104.089996,253,314.179993,253.220001
8/1/18,121.940002,252.270004,318.140015,253.369995
8/2/18,128.350006,256.529999,321.700012,256.079987
8/3/18,126.43,257.950012,324.109985,257.220001
8/6/18,127.089996,258.130005,323.089996,256.76001
8/7/18,123.349998,257.970001,321.790009,257.649994
8/8/18,126.559998,260.540009,324.220001,258.809998
8/9/18,127.75,261.130005,323.709991,261.589996
8/10/18,129.009995,260.040009,325.040009,260.359985
8/13/18,132.029999,262.940002,324.070007,260.910004
8/14/18,133.919998,264.970001,329.339996,263.480011
8/15/18,134.009995,264.170013,326.100006,260.609985
8/16/18,134.149994,266.529999,330.079987,263.100006
8/17/18,134.830002,263.950012,324.619995,262.329987
8/20/18,135.869995,263.170013,326.390015,262.399994
8/21/18,138.699997,262.600006,325.970001,261.690002
8/22/18,139.440002,262.940002,324.179993,260.73999
8/23/18,139.570007,264.279999,329.049988,261.420013
8/24/18,138.089996,265.380005,331.440002,264.279999
8/27/18,139.679993,266.230011,332.369995,267.079987
8/28/18,140.160004,266.709991,333.23999,268.51001
8/29/18,138.899994,267.130005,334.559998,269
8/30/18,138.339996,265.01001,332.369995,268.390015
8/31/18,138,264.730011,333.26001,268.459991
9/4/18,137.720001,263.700012,333.089996,268.51001
9/5/18,137.479996,267.850006,332.880005,267.640015
9/6/18,141.039993,270.890015,333.880005,269.649994
9/7/18,140.669998,271.899994,337.130005,268.279999
9/10/18,140.440002,262.589996,328.700012,259.730011
9/11/18,145.410004,264.170013,332.880005,261.040009
9/12/18,146.520004,266.339996,331.570007,262.670013
9/13/18,149.740005,270.339996,337.929993,265.48999
9/14/18,151.729996,270.779999,337.23999,265.309998
9/17/18,146.839996,269.630005,334.040009,263.869995
9/18/18,148.770004,270.970001,335.98999,263.290009
9/19/18,147.669998,271.850006,335.799988,265.329987
9/20/18,148.339996,274.119995,337.660004,266.390015
9/21/18,152.720001,272.519989,337.76001,266.670013
9/24/18,151.779999,273.230011,340.609985,267.359985
9/25/18,149.830002,270.25,333.820007,263.51001
9/26/18,148.110001,269.459991,332.910004,262.910004
9/27/18,148.020004,271.640015,335.079987,264.649994
9/28/18,148.699997,274.049988,338.519989,266.040009
10/1/18,148.139999,276.200012,338.429993,269.100006
10/2/18,146.5,276.119995,336.390015,270.630005
10/3/18,144.660004,276.23999,332.630005,270.899994
10/4/18,142.899994,274.98999,331.220001,268.320007
10/5/18,144,275.920013,331.140015,269.200012
10/8/18,143.380005,277.390015,333.660004,269.01001
10/9/18,143.660004,279.179993,335.140015,270.109985
10/10/18,138.619995,272.649994,328.799988,263.079987
10/11/18,138.789993,268.519989,319.910004,257.119995
10/12/18,139.539993,271.410004,318.350006,259.609985
10/15/18,138.570007,267.380005,317.01001,260.25
10/16/18,143.589996,278.420013,328.350006,272.570007
10/17/18,143.130005,279.579987,328.079987,267.299988
10/18/18,142.399994,281.190002,332.309998,266.809998
10/19/18,134.559998,279.149994,328.380005,265.299988
10/22/18,134.080002,275.730011,326.649994,262.190002
10/23/18,133.350006,274.089996,325.829987,264.859985
10/24/18,129.149994,265.429993,317.73999,256.320007
10/25/18,132.470001,270.929993,321.579987,264.23999
10/26/18,127.589996,265.75,318.25,258.179993
10/29/18,124.620003,263.519989,317.609985,256.519989
10/30/18,125.800003,265.48999,323.5,258.279999
10/31/18,126.769997,275.570007,320.410004,261.350006
11/1/18,124.790001,265.929993,320.869995,260.929993
11/2/18,123,268,323.049988,261.01001
11/5/18,124.720001,269.179993,326.609985,261.01001
11/6/18,124.230003,272.01001,331.809998,263.540009
11/7/18,137.320007,289.940002,353.980011,274.630005
11/8/18,136.039993,287.369995,339.589996,276.649994
11/9/18,134.160004,287.059998,338.950012,276.549988
11/12/18,132.910004,282.670013,337.649994,272.380005
11/13/18,135.360001,280.25,334.070007,269.220001
11/14/18,126.93,280.100006,320.410004,264.959991
11/15/18,126.199997,284.140015,318.01001,264.940002
11/16/18,124.849998,286.329987,319.730011,271.109985
11/19/18,118.209999,281.790009,310.399994,266.049988
11/20/18,120.550003,277.859985,307.220001,261.5
11/21/18,125.589996,278.950012,305.100006,260.549988
11/23/18,128.830002,280.73999,305.920013,261.619995
11/26/18,128.440002,281.329987,313.549988,266.160004
11/27/18,127.260002,282.079987,309.630005,271.149994
11/28/18,132.860001,291.299988,328.899994,280.950012
11/29/18,138.119995,292.170013,330.290009,282.549988
11/30/18,139.710007,290.070007,329.470001,281.359985
12/3/18,138.460007,296.25,333.480011,286.329987
12/4/18,140,292.920013,324.470001,278.549988
12/6/18,136.509995,287.410004,316.269989,276.850006
12/7/18,132.800003,280.529999,306,269.179993
12/10/18,133.179993,276.660004,307.320007,266.529999
12/11/18,135.75,276.23999,306.070007,267.220001
12/12/18,141.75,278.559998,310.519989,270.640015
12/13/18,142.789993,280.450012,312.5,272.149994
12/14/18,131.720001,275.579987,299.929993,265.019989
12/17/18,120,266.690002,303.220001,258.070007
12/18/18,118.360001,259.359985,292.019989,252.970001
12/19/18,117.279999,257.609985,283.290009,250.309998
12/20/18,114.529999,252.110001,278.089996,242.440002
12/21/18,110.379997,251.960007,274.640015,238.339996
12/24/18,107.910004,249,273.359985,232.940002
12/26/18,114.760002,259.399994,282.609985,243.350006
12/27/18,114.459999,260.880005,284.429993,245.970001
12/28/18,113.660004,259.079987,282.279999,246.240005
12/31/18,116.220001,262.630005,286.480011,249.119995
1/2/19,112.889999,255.020004,281.589996,243.490005
1/3/19,105.900002,248.419998,269.700012,236.850006
1/4/19,109.660004,249.910004,276.619995,239.619995
1/7/19,117.75,250.350006,276.579987,240.080002
1/8/19,128.309998,249.460007,274.929993,243.289993
1/9/19,130.589996,251.350006,276.25,243.639999
1/10/19,133.039993,252.270004,275.019989,244.869995
1/11/19,133.380005,256.640015,283.470001,247.669998
1/14/19,132.75,255.119995,282.079987,248.059998
1/15/19,135.110001,260.350006,288.609985,256.869995
1/16/19,135.970001,261.920013,293.299988,261.459991
1/17/19,135.399994,261.890015,291.019989,259.769989
1/18/19,136.960007,266.119995,295.559998,265.5
1/22/19,134.570007,264.570007,298.779999,265.690002
1/23/19,133.869995,268.100006,299.279999,267.019989
1/24/19,133.699997,265.600006,300.529999,266.130005
1/25/19,135.320007,272.679993,300.679993,268.049988
1/28/19,136.130005,270.01001,301.630005,266.769989
1/29/19,134.600006,272.709991,300.820007,267.339996
1/30/19,134,297.559998,306.390015,270.369995
1/31/19,132.979996,303,308.98999,270.200012
2/1/19,138.860001,303.290009,306.299988,268.720001
2/4/19,136.360001,304.209991,305.959991,268.209991
2/5/19,138.570007,303.549988,303.410004,266.309998
2/6/19,138.279999,311.359985,301.769989,269.5
2/7/19,137.800003,308.049988,303.970001,269
2/8/19,136.899994,304.25,298.890015,261.899994
2/11/19,137.089996,302.170013,293.76001,257.140015
2/12/19,129.389999,306.440002,296.329987,263.5
2/13/19,137.009995,305.700012,299.350006,263.799988
2/14/19,136.080002,308.170013,301.559998,265.329987
2/15/19,135.339996,311.579987,310.299988,271.130005
2/19/19,134.860001,311.600006,305.399994,270.410004
2/20/19,137.669998,312.950012,308.880005,269.51001
2/21/19,136.570007,311.299988,307.559998,266.399994
2/22/19,141.729996,316.790009,309.679993,267.109985
2/25/19,145.600006,314.399994,304.869995,264.600006
2/26/19,145.830002,317.420013,302.350006,262.980011
2/27/19,140.330002,306.070007,287.970001,250.080002
2/28/19,134.630005,300.730011,285.040009,242.220001
3/1/19,138.399994,307.679993,291.019989,246.149994
3/4/19,132.729996,292.589996,277.660004,236.020004
3/5/19,134.080002,298.690002,277.230011,241.429993
3/6/19,129.449997,294.459991,272.100006,239.070007
3/7/19,130.339996,291.420013,268.440002,236.699997
3/8/19,132.550003,295.040009,268.269989,237.289993
3/11/19,135.850006,295.970001,273.100006,243.149994
3/12/19,138.940002,296.980011,274.450012,245.880005
3/13/19,141.770004,303.609985,283.029999,252.25
3/14/19,140.130005,305.450012,279.820007,253.270004
3/15/19,139.399994,303,280.140015,251.399994
3/18/19,143.020004,308.230011,282.170013,255
3/19/19,145.630005,307.98999,286.660004,257.130005
3/20/19,142.580002,303.01001,275.309998,250.5
3/21/19,148.289993,304.859985,276.76001,252.020004
3/22/19,146.479996,301.51001,272.600006,247.089996
3/25/19,144.229996,297.75,270.160004,246.860001
3/26/19,130.210007,288.299988,262.910004,243.389999
3/27/19,133.080002,283,262.890015,241.710007
3/28/19,138.199997,282.350006,262.609985,242.229996
3/29/19,141.960007,286.980011,266,247.259995
4/1/19,144.699997,288.329987,268.329987,245.539993
4/2/19,142.690002,288.200012,262.320007,244.410004
4/3/19,145.070007,287.660004,263.76001,245.839996
4/4/19,145.279999,291.200012,271.369995,247.389999
4/5/19,147.360001,293.309998,276.480011,248.779999
4/8/19,147.490005,289.5,273.559998,248.75
4/9/19,145.600006,290.100006,274.630005,248.789993
4/10/19,145.240005,288.040009,266.5,246.029999
4/11/19,141.529999,276.290009,260.73999,235.419998
4/12/19,129.389999,252.850006,253.309998,223.220001
4/15/19,131.979996,262.880005,254,230.199997
4/16/19,122.089996,245.130005,235.100006,220.960007
4/17/19,116.669998,236.25,232.889999,216.839996
4/18/19,120.68,239.619995,240.690002,221.75
4/22/19,121.220001,244,242.600006,227.110001
4/23/19,123.949997,250.639999,248.449997,230.580002
4/24/19,123.720001,251,249.889999,230.350006
4/25/19,124.269997,255.910004,251.860001,230.789993
4/26/19,128.490005,266.399994,258,237
4/29/19,128.729996,266.290009,256.839996,237.449997
4/30/19,129.630005,263.029999,255.410004,233.070007
5/1/19,126.800003,260.720001,246.160004,231.949997
5/2/19,126.75,261.589996,247.380005,232.449997
5/3/19,128.259995,261.700012,249.5,231.949997
5/6/19,130,268.700012,249.649994,240.5
5/7/19,127.040001,264.890015,245.279999,238.050003
5/8/19,129.460007,264.649994,247.779999,239.149994
5/9/19,128.380005,266.049988,243.889999,237.970001
5/10/19,129.130005,268.309998,244.059998,240.589996
5/13/19,126.540001,261.200012,235.679993,239.550003
5/14/19,128.389999,261.329987,235.110001,236.429993
5/15/19,129.600006,258.649994,243.679993,236.080002
5/16/19,129.75,263.820007,242.220001,236.789993
5/17/19,129.690002,265.070007,247.820007,241.380005
5/20/19,129.759995,266.309998,250.029999,245.990005
5/21/19,134.399994,277.059998,256.76001,249.940002
5/22/19,133.880005,277.140015,260.730011,249.339996
5/23/19,127.449997,277.720001,259.5,246.5
5/24/19,132.139999,277.25,263.329987,247.630005
5/28/19,132,272.26001,252.050003,242.059998
5/29/19,131.119995,275.570007,251.039993,242.399994
5/30/19,134.770004,277.820007,247.860001,243.5
5/31/19,142.259995,277.980011,244.860001,241.800003
6/3/19,145.130005,276.440002,250.320007,236.559998
6/4/19,152.559998,279.809998,252.830002,240.759995
6/5/19,153.339996,276.920013,251.929993,242.770004
6/6/19,155.279999,277.5,246.850006,241.820007
6/7/19,153.729996,278.130005,248.869995,246.770004
6/10/19,152.550003,282.140015,249.669998,248.139999
6/11/19,152.059998,283.450012,243.210007,245.869995
6/12/19,147.910004,281.100006,246.080002,244.5
6/13/19,148.080002,285.100006,254.729996,244.960007
6/14/19,144.929993,285.320007,251.830002,245.369995
6/17/19,146.589996,287.450012,254.770004,245.970001
6/18/19,145.850006,288.329987,257.959991,245.699997
6/19/19,146.369995,291.070007,256.790009,250.190002
6/20/19,146.440002,291.230011,258.829987,247.759995
6/21/19,150.800003,293.76001,270.209991,252.279999
6/24/19,147.330002,290.529999,267.279999,249.639999
6/25/19,145.350006,285.179993,261.839996,247.660004
6/26/19,137.789993,278.839996,261.950012,243.470001
6/27/19,141.339996,282.420013,264.600006,246.339996
6/28/19,143.139999,282.209991,265.299988,244.009995
7/1/19,140.309998,282.720001,261.140015,242.639999
7/2/19,140.860001,280.660004,259.429993,243.970001
7/3/19,142.529999,282.779999,262.51001,245.210007
7/5/19,143.570007,284.059998,264.649994,246.990005
7/8/19,139.850006,284.73999,264.149994,247.839996
7/9/19,136.779999,284.160004,260.140015,246
7/10/19,137.869995,287.920013,267.910004,247.479996
7/11/19,143.330002,303.880005,280.190002,261.160004
7/12/19,144.869995,310.480011,291.25,265.899994
7/15/19,142.020004,306.850006,285.320007,265.959991
7/16/19,141.270004,305.410004,284.299988,264.660004
7/17/19,140.669998,304.690002,281.980011,266.649994
7/18/19,142.089996,304.570007,283.329987,260.600006
7/19/19,140.380005,302.119995,281.670013,256.649994
7/22/19,141,301.779999,282.190002,255.320007
7/23/19,141.210007,302.589996,281.670013,255.009995
7/24/19,136.399994,288.910004,276.089996,251.130005
7/25/19,135.470001,293.950012,274.440002,248.699997
7/26/19,139.860001,299.980011,276.869995,252.940002
7/29/19,138.919998,298.320007,281.019989,253.820007
7/30/19,137.5,299.640015,284.519989,254.929993
7/31/19,132.779999,294.609985,296.75,249.009995
8/1/19,130.240005,292.950012,298.190002,249.25
8/2/19,129.240005,290.570007,293.929993,250.050003
8/5/19,123.949997,283.619995,286.679993,245.059998
8/6/19,127.260002,291.040009,292.25,248.279999
8/7/19,131.5,286.5,293.890015,246.449997
8/8/19,135.210007,288.649994,295.25,247.619995
8/9/19,134.440002,287.329987,297.779999,248.630005
8/12/19,133.949997,282,295.5,243.199997
8/13/19,137.279999,286.899994,304.869995,249.220001
8/14/19,134.320007,272.899994,296.299988,243.199997
8/15/19,133.940002,274.109985,291.059998,244.25
8/16/19,136.679993,275.540009,297,245.690002
8/19/19,138.919998,273.410004,298.570007,244.710007
8/20/19,131.529999,266.570007,294.420013,240.160004
8/21/19,133.259995,267.880005,298,240.350006
8/22/19,129.589996,261.059998,288.820007,232.940002
8/23/19,127.330002,260.380005,286.959991,230.660004
8/26/19,127.629997,260.51001,288.790009,231.080002
8/27/19,125.900002,251.300003,272.059998,222.929993
8/28/19,126.919998,253.809998,276.079987,227.350006
8/29/19,129.899994,259.790009,279.48999,230.619995
8/30/19,130.279999,261.519989,283.209991,234
9/3/19,127.339996,258.100006,280.359985,230.619995
9/4/19,122.839996,254.229996,274.179993,226.729996
9/5/19,122.980003,251.220001,274.709991,229.589996
9/6/19,119.68,249.380005,273.51001,229
9/9/19,118.589996,250.449997,275.690002,230.679993
9/10/19,120,252.589996,276.850006,232.460007
9/11/19,118.75,249.809998,276.809998,234.210007
9/12/19,113.940002,248.160004,268.380005,230.100006
9/13/19,114.959999,253.080002,274.690002,233.610001
9/16/19,115.93,258.579987,278.279999,234.429993
9/17/19,115.25,257.290009,273.779999,232.520004
9/18/19,114.480003,251.789993,273.130005,230.610001
9/19/19,115.260002,255.449997,278.410004,232.850006
9/20/19,114.559998,252.089996,277.279999,232.889999
9/23/19,116.209999,251.399994,277.299988,228.770004
9/24/19,112.129997,248.190002,274.970001,225
9/25/19,111.889999,244,267.690002,222.169998
9/26/19,109.239998,238.800003,263.920013,215.479996
9/27/19,107.470001,237.690002,257.589996,215.259995
9/30/19,109.720001,240.100006,255.669998,217.320007
10/1/19,109.480003,238.440002,254.380005,217.210007
10/2/19,110.089996,237.899994,255.490005,216.75
10/3/19,112.230003,238.229996,253.559998,215.360001
10/4/19,112.769997,241.789993,256.059998,219.800003
10/7/19,111.279999,241.029999,255.240005,221.240005
10/8/19,111.290001,235.520004,253.169998,220.110001
10/9/19,112.830002,238.25,253.800003,222.080002
10/10/19,113.050003,237.229996,261.149994,223.729996
10/11/19,113.389999,237.550003,266.26001,222.070007
10/14/19,112.519997,234.820007,264,220.589996
10/15/19,117.470001,248.940002,276.640015,238.589996
10/16/19,118,245.020004,275.369995,236.990005
10/17/19,121.5,249.25,285.5,243.669998
10/18/19,122.93,249.399994,289.26001,245.339996
10/21/19,121.449997,253.070007,287.149994,243.919998
10/22/19,124.110001,260.25,290.109985,249.479996
10/23/19,121.849998,263.51001,290.209991,247.800003
10/24/19,120.459999,259.48999,286.609985,244.509995
10/25/19,121.889999,263.070007,288.089996,244.910004
10/28/19,124.269997,267.670013,289.369995,247.050003
10/29/19,124.68,272.640015,295.839996,252.289993
10/30/19,123.879997,273.459991,294.190002,254.800003
10/31/19,117.639999,269.079987,294.200012,252.699997
11/1/19,118.830002,270.75,296.200012,252.210007
11/4/19,119.129997,271.720001,296.98999,251.25
11/5/19,120.440002,273,294.75,250.300003
11/6/19,119.870003,277.320007,304.940002,250.520004
11/7/19,121.419998,279.769989,315.140015,256.459991
11/8/19,126.18,282.089996,317.579987,256.970001
11/11/19,121.910004,279.149994,317.559998,254.089996
11/12/19,122.599998,283.670013,320.290009,255.25
11/13/19,121.599998,283.73999,318.899994,253.570007
11/14/19,122.199997,282.01001,318,255.830002
11/15/19,129.699997,297.820007,335.549988,269.399994
11/18/19,134.479996,294,334.540009,272.929993
11/19/19,135.460007,292.720001,336.130005,274.230011
11/20/19,135.529999,292.700012,337.769989,275.559998
11/21/19,135.699997,293.730011,338.470001,276.549988
11/22/19,134.529999,291.829987,338.23999,276.839996
11/25/19,135.899994,293.890015,344.820007,282.670013
11/26/19,133.630005,287.23999,342.089996,281.399994
11/27/19,137.919998,289.450012,341.940002,280.670013
11/29/19,135.5,288.660004,341.230011,279.869995
12/2/19,135.110001,287.429993,338.25,279.660004
12/3/19,133.190002,286.190002,341.839996,276.899994
12/4/19,133.360001,287.380005,344.119995,279.320007
12/5/19,132.490005,286.299988,345.209991,282
12/6/19,133.300003,285.269989,348.140015,280.190002
12/9/19,129.630005,282.329987,342.279999,277.540009
12/10/19,130.009995,283.850006,344.559998,279.519989
12/11/19,127.839996,280.600006,344.779999,280.5
12/12/19,129.720001,284.420013,347.029999,283.609985
12/13/19,129.539993,284.119995,353.130005,285.480011
12/16/19,134.210007,291.779999,365.880005,292.029999
12/17/19,132.479996,290.73999,363.920013,290.470001
12/18/19,133.389999,293.179993,367.549988,292.899994
12/19/19,135.039993,298.220001,365.600006,294.619995
12/20/19,133.539993,303,368.790009,292.589996
12/23/19,136.649994,303.179993,367.76001,295.089996
12/24/19,136.240005,304.5,368.339996,294.540009
12/26/19,136.380005,304.76001,369.609985,295.649994
12/27/19,136.100006,306.420013,371,295.970001
12/30/19,135.839996,305.309998,367.769989,293.850006
12/31/19,135.690002,302.029999,366.519989,293.980011
1/2/20,133.369995,300.869995,363.23999,292.5
1/3/20,132.539993,296.880005,364.859985,289.540009
1/6/20,137.350006,300.450012,370.549988,291.549988
1/7/20,139.259995,299.540009,366.869995,289.790009
1/8/20,143.779999,307.480011,375,295.899994
1/9/20,143.429993,306.410004,364.51001,294.220001
1/10/20,143.350006,307.73999,364.119995,295.130005
1/13/20,139.770004,296.73999,356.880005,285.850006
1/14/20,131.850006,296.880005,357.25,288.23999
1/15/20,138.949997,301.549988,364.070007,296.410004
1/16/20,140.860001,305.049988,367.130005,300.73999
1/17/20,136.820007,305.390015,366.549988,298.470001
1/21/20,138.380005,305.98999,364.869995,300.529999
1/22/20,137.75,303.51001,365.720001,300.589996
1/23/20,137.970001,304.399994,363.579987,299.459991
1/24/20,134.570007,297.279999,356.899994,292.809998
1/27/20,128.449997,283.790009,346.910004,284.089996
1/28/20,131.369995,290.320007,352.850006,285.869995
1/29/20,129.240005,272.910004,351.570007,282.899994
1/30/20,126.75,265.890015,343.23999,280.980011
1/31/20,122.970001,265.279999,336.23999,272.450012
2/3/20,124.970001,266.429993,333.089996,274.019989
2/4/20,124.489998,273.369995,342.75,280.839996
2/5/20,129.789993,287.329987,364.799988,295.730011
2/6/20,128.029999,282.329987,359.149994,292.459991
2/7/20,128,276.480011,353.26001,289.220001
2/10/20,129.350006,276.549988,353,287.029999
2/11/20,141.419998,279.910004,357.170013,290.790009
2/12/20,145.729996,296,373.859985,303.480011
2/13/20,145.580002,298.869995,380.200012,302.200012
2/14/20,144.990005,297.820007,375.850006,298.779999
2/18/20,149.210007,302.450012,372.119995,302.140015
2/19/20,153.839996,304.059998,378.519989,305.309998
2/20/20,150.490005,293.940002,370.98999,302.130005
2/21/20,149.800003,294.709991,369.670013,301.429993
2/24/20,138.210007,277.5,346.160004,277.790009
2/25/20,129.039993,267.399994,332.019989,263.390015
2/26/20,128.729996,268.149994,328.670013,263
2/27/20,124.18,257.859985,314.329987,253.919998
2/28/20,122.550003,257.089996,319.679993,254.960007
3/2/20,127.32,271.269989,345.359985,273.109985
3/3/20,122.43,256.380005,325.369995,261.399994
3/4/20,142.350006,296.420013,372.339996,289.420013
3/5/20,140.020004,287.160004,370.600006,282.959991
3/6/20,138.199997,282.190002,367.01001,283.869995
3/9/20,132.770004,269.820007,337.200012,273.440002
3/10/20,136.380005,286.049988,349.299988,280
3/11/20,131.919998,281.690002,328.220001,277.779999
3/12/20,130.039993,256.209991,293.049988,250.410004
3/13/20,146.350006,270.339996,313.910004,272.040009
3/16/20,121.690002,224.039993,270.209991,225.039993
3/17/20,125.739998,238.320007,272.579987,244.220001
3/18/20,120.050003,206.960007,246.580002,217.059998
3/19/20,120.480003,200.869995,256.190002,219.800003
3/20/20,113.75,191.589996,230.610001,206.589996
3/23/20,107.790001,174.679993,214.429993,194.860001
3/24/20,117.910004,196.839996,234.059998,219.800003
3/25/20,130.229996,216.369995,269.01001,234.490005
3/26/20,139.979996,235.669998,304.480011,255.389999
3/27/20,135.169998,222.960007,297.070007,242.449997
3/30/20,139.350006,230.580002,311.230011,251.279999
3/31/20,139.710007,227.039993,314.019989,249.380005
4/1/20,131.160004,214.300003,298.75,237.320007
4/2/20,133.479996,211.389999,300.109985,240.440002
4/3/20,132.130005,203.300003,291.630005,229.490005
4/6/20,141,225.720001,327.470001,248.339996
4/7/20,140.110001,224.050003,320.049988,248.039993
4/8/20,157.559998,247.020004,337.26001,267.829987
4/9/20,153.279999,242.460007,341.899994,264.130005
4/13/20,156.710007,240.529999,348.26001,263.51001
4/14/20,163.289993,252.009995,352.209991,270.5
4/15/20,160.199997,250.470001,353.540009,281.679993
4/16/20,170.970001,271.839996,377.309998,298.429993
4/17/20,169.820007,267.820007,373.589996,290.559998
4/20/20,164.300003,263.200012,367.329987,282.140015
4/21/20,160.429993,249.369995,358.859985,274.190002
4/22/20,163.369995,262.959991,367.170013,277.019989
4/23/20,167.220001,261.549988,366.070007,285.329987
4/24/20,168.279999,264.119995,369.089996,291.290009
4/27/20,170.869995,270.059998,373.519989,293.980011
4/28/20,166.350006,268.220001,362.869995,288.359985
4/29/20,164.759995,280.609985,377.380005,287.649994
4/30/20,163.970001,280.730011,381.820007,292.470001
5/1/20,173.25,269.570007,372.23999,284.51001
5/4/20,178.309998,271,377.839996,287.540009
5/5/20,181.080002,275.070007,384.059998,293.040009
5/6/20,183.100006,270.619995,374.98999,288.769989
5/7/20,177.270004,265.730011,371.420013,285
5/8/20,175.550003,274.329987,377.5,287
5/11/20,178.860001,272.369995,380.040009,288.690002
5/12/20,180.5,272.959991,383.709991,287.700012
5/13/20,174.380005,267.799988,377.420013,278
5/14/20,176.479996,273.279999,385.809998,290.609985
5/15/20,181.419998,278.089996,398.220001,290.959991
5/18/20,173.75,279.959991,392.369995,293.359985
5/19/20,176.669998,281.100006,394.470001,289.049988
5/20/20,176.970001,280,391.190002,287.98999
5/21/20,181.720001,278.679993,395.269989,286.910004
5/22/20,182.210007,277.109985,394.429993,289.940002
5/26/20,183.710007,283.420013,397.089996,294.890015
5/27/20,183.649994,287.25,399.339996,303.769989
5/28/20,186.860001,291.369995,403.809998,303.970001
5/29/20,185.820007,294.109985,410.649994,304.850006
6/1/20,183.070007,290.029999,401.5,305.929993
6/2/20,183.119995,294.200012,404.899994,306.309998
6/3/20,179.139999,289.269989,393.730011,305.350006
6/4/20,173.580002,282.089996,392.269989,298.079987
6/5/20,171.029999,287.890015,389.859985,311.850006
6/8/20,171.770004,300.589996,398.100006,309.480011
6/9/20,175.089996,291.01001,390.179993,309.209991
6/10/20,178.839996,288.540009,392.51001,305.75
6/11/20,168.960007,264.540009,373.540009,283.730011
6/12/20,169.889999,265.73999,378.720001,285.149994
6/15/20,166.190002,262.329987,378.850006,286.279999
6/16/20,172.710007,267.429993,378,293
6/17/20,168.800003,265.720001,380,292.600006
6/18/20,171.169998,265.529999,379.070007,291.480011
6/19/20,179.75,266.429993,380.76001,291.23999
6/22/20,179.850006,265.209991,379.809998,292.670013
6/23/20,178.639999,268.98999,381.779999,297.600006
6/24/20,172.880005,257.309998,371.799988,289.179993
6/25/20,174.729996,261,376.130005,296.220001
6/26/20,169.089996,255.649994,374.640015,286.880005
6/29/20,171.600006,259.269989,379.359985,289.76001
6/30/20,177.979996,262.980011,387.75,294.950012
7/1/20,179.119995,268.679993,391.549988,297.730011
7/2/20,182.050003,267,391.890015,298.26001
7/6/20,182.940002,269,396.459991,302.809998
7/7/20,182.419998,264.890015,391.700012,296.649994
7/8/20,182.350006,262.540009,386,298.359985
7/9/20,178.619995,255,382.920013,291.160004
7/10/20,176.539993,255,381.579987,291.230011
7/13/20,176.669998,257.579987,381.869995,299.709991
7/14/20,185.479996,263.470001,396.540009,308.519989
7/15/20,185.860001,267.279999,395.369995,304.070007
7/16/20,184.179993,264.089996,395.890015,307.149994
7/17/20,185.880005,266.369995,404.48999,306.529999
7/20/20,179.199997,259,396.76001,303.459991
7/21/20,181.460007,265.709991,397.589996,305.109985
7/22/20,183.75,268.089996,402.369995,306.709991
7/23/20,183.539993,269.929993,397.75,302.970001
7/24/20,184.25,270.48999,392.140015,300.790009
7/27/20,182.240005,263.98999,391.019989,298.600006
7/28/20,181.5,265.230011,386.649994,299.929993
7/29/20,187.649994,281.559998,396.399994,306.679993
7/30/20,187.020004,277.190002,398.540009,305.230011
7/31/20,184.699997,273.799988,392.450012,302.779999
8/3/20,185.809998,270.75,394.549988,303.609985
8/4/20,186.699997,270.890015,391.179993,304.5
8/5/20,193.970001,275.649994,403.910004,312.470001
8/6/20,194.259995,271.480011,407.630005,314.059998
8/7/20,196.009995,276.660004,417.940002,317.029999
8/10/20,189.300003,278.850006,419.76001,319.100006
8/11/20,185.610001,280.329987,415.769989,315.549988
8/12/20,191.800003,283.179993,420.059998,322.269989
8/13/20,193.020004,282.329987,419.5,321.519989
8/14/20,193.759995,283.230011,422.019989,323.700012
8/17/20,195.550003,283.109985,420.01001,320.51001
8/18/20,192.800003,282.450012,417.170013,316.809998
8/19/20,193.509995,283.399994,418,315.399994
8/20/20,189.960007,281.75,413.959991,313.329987
8/21/20,188.550003,284.630005,418.790009,314.140015
8/24/20,181.589996,279.160004,406.079987,308.839996
8/25/20,182.259995,276.470001,405.839996,312.220001
8/26/20,181.210007,270.209991,403.730011,308.820007
8/27/20,183.740005,274.589996,407.450012,311.670013
8/28/20,183.820007,277.279999,408.040009,314.369995
8/31/20,184.970001,281.519989,415.170013,312.549988
9/1/20,186.029999,273.079987,414.850006,312.829987
9/2/20,193.149994,279.970001,427.769989,320.23999
9/3/20,184.100006,277,421.279999,316.230011
9/4/20,183,276.220001,413.190002,312
9/8/20,175.080002,267.209991,405.369995,307.25
9/9/20,175.5,267.420013,408.220001,312.019989
9/10/20,171.449997,260.839996,393.369995,304.600006
9/11/20,168.839996,258.029999,391.359985,301.480011
9/14/20,179.279999,265.600006,403.630005,308.570007
9/15/20,181.789993,260.149994,399.98999,307.230011
9/16/20,184.169998,263.619995,399.070007,306.519989
9/17/20,181.309998,263,397.5,304.980011
9/18/20,184.559998,264.190002,402.630005,308.019989
9/21/20,168.880005,257.709991,394.51001,299.190002
9/22/20,156.210007,247.440002,386.76001,294.26001
9/23/20,153.070007,245.729996,385.420013,292.140015
9/24/20,153.080002,248.779999,387,292.660004
9/25/20,161.509995,255.25,400.850006,302.5
9/28/20,163.070007,257.059998,400,303.230011
9/29/20,171.800003,259.790009,401.5,304.149994
9/30/20,183.039993,268.589996,413.890015,311.769989
10/1/20,188.179993,270.170013,415.359985,313.070007
10/2/20,193.360001,275.01001,408.309998,311.980011
10/5/20,201.320007,284.790009,419.619995,318.149994
10/6/20,198.179993,283.640015,416.200012,314.450012
10/7/20,203.529999,293.119995,429.410004,323.170013
10/8/20,199.75,293.290009,427.320007,322.410004
10/9/20,199.199997,294.410004,433.440002,327.839996
10/12/20,204.399994,298.570007,430.519989,329.970001
10/13/20,203.630005,297.440002,432.809998,331.420013
10/14/20,202.850006,292.339996,423,321.850006
10/15/20,206.5,294.899994,435.359985,324.570007
10/16/20,210.639999,296.869995,437.720001,329.899994
10/19/20,206.690002,292.209991,433.079987,324.220001
10/20/20,206.600006,291.190002,436.410004,323.410004
10/21/20,206.729996,296.160004,437.230011,322.790009
10/22/20,211.119995,305.170013,441.160004,325.730011
10/23/20,212.550003,310.76001,444.309998,330.600006
10/26/20,205.029999,299.75,435.130005,323.059998
10/27/20,203.869995,298.880005,432.140015,320.51001
10/28/20,193.229996,285.799988,413.25,308
10/29/20,187.110001,273.26001,396.75,303.679993
10/30/20,186.470001,272.799988,399.279999,305.140015
11/2/20,198.850006,278.25,408.579987,312.100006
11/3/20,211.589996,293.459991,423.429993,321.350006
11/4/20,216.940002,327.859985,452.01001,354.559998
11/5/20,216.820007,319.600006,440.790009,354.399994
11/6/20,215.470001,313.320007,432.549988,347.459991
11/9/20,207.100006,322.410004,422.98999,350
11/10/20,220.039993,328.559998,430.670013,353.690002
11/11/20,219.009995,323.369995,426,351.700012
11/12/20,215.800003,329.920013,431.799988,354.410004
11/13/20,219.740005,332.959991,433.399994,355.670013
11/16/20,218.899994,333.149994,428.540009,356.820007
11/17/20,219.759995,329.839996,422.230011,352.100006
11/18/20,213.339996,322.380005,418.440002,344.51001
11/19/20,209.179993,311.850006,407.170013,337
11/20/20,207.259995,305.619995,406.209991,334.700012
11/23/20,207.199997,310.660004,409.290009,335.059998
11/24/20,205.169998,313.940002,408.190002,336.01001
11/25/20,202.820007,309.049988,401.040009,333.190002
11/27/20,207.020004,312.799988,406.48999,337.940002
11/30/20,204.130005,311.519989,400.519989,336.339996
12/1/20,207.199997,313.899994,405.720001,341.190002
12/2/20,208.039993,318.450012,405.75,347.559998
12/3/20,208.119995,323.029999,403.829987,348.679993
12/4/20,213.720001,323.269989,412.779999,349.890015
12/7/20,211.449997,319.23999,403.73999,347.859985
12/8/20,215.070007,322.690002,409.279999,347.859985
12/9/20,209.759995,318.440002,408.140015,344.410004
12/10/20,204.690002,313.75,397.480011,339.649994
12/11/20,200.179993,311.399994,391.130005,337.070007
12/14/20,199.679993,310.100006,388.230011,336.130005
12/15/20,204.039993,313.220001,392.329987,339.670013
12/16/20,200.649994,310.23999,392.76001,339.339996
12/17/20,203.649994,314.079987,396.339996,341.670013
12/18/20,201.960007,308.640015,391.619995,338.380005
12/21/20,202.160004,306.380005,389.01001,336.079987
12/22/20,205.729996,303.299988,388.440002,335.01001
12/23/20,208.490005,308.350006,405.089996,337.589996
12/24/20,207.100006,308.670013,404.829987,340.790009
12/28/20,206.520004,312.890015,410.190002,345.950012
12/29/20,207.339996,314.329987,408.049988,347.350006
12/30/20,206.759995,314.049988,406.109985,344.98999
12/31/20,212.679993,321.089996,410.269989,350.679993
1/4/21,216.080002,318.579987,412.190002,349.5
1/5/21,215.949997,315.100006,413.179993,344.799988
1/6/21,235.729996,328.320007,437.829987,359.269989
1/7/21,242.050003,337.380005,447.690002,365.029999
1/8/21,243.100006,337.079987,436.769989,363.390015
1/11/21,241.800003,338.769989,433.540009,360.75
1/12/21,237.889999,334.779999,422.470001,357.369995
1/13/21,228.589996,330.429993,416.019989,355.040009
1/14/21,223.759995,322.519989,405,350.529999
1/15/21,220.740005,326.420013,406.809998,351.299988
1/19/21,219.100006,323.690002,407.309998,352.190002
1/20/21,222.630005,321.519989,411.339996,350.839996
1/21/21,222.309998,321.700012,414.600006,355
1/22/21,223.119995,314.089996,405.179993,347.549988
1/25/21,224.839996,315.369995,404,347.809998
1/26/21,219.320007,312.519989,395.850006,343.109985
1/27/21,216.929993,290.170013,377.929993,332.98999
1/28/21,218.470001,300.51001,389.790009,338.149994
1/29/21,213.610001,296.980011,383.109985,333.579987
2/1/21,214.110001,292.559998,379.899994,334
2/2/21,212.059998,298.98999,376.98999,338.720001
2/3/21,210.899994,298.359985,379.929993,337.890015
2/4/21,206.649994,294.359985,385.089996,329.320007
2/5/21,204.699997,290.850006,379.299988,324.51001
2/8/21,202.539993,287.700012,378.339996,324.339996
2/9/21,206.009995,298.700012,382.589996,329.630005
2/10/21,206.199997,298.170013,378,333.399994